scenario,n_seeds,n_blocks_used,running_mean_RE_delay_pct,SE_pct,ci95_halfwidth_pct,enough_data,tol_pass,drift_pass,trend_pass,overall_pass
"S1 (nominal, kappa=1.0)",10,1,3.18764648138349,,,False,False,False,True,False
"S1 (nominal, kappa=1.0)",20,2,3.251699305945033,0.06405282456154349,0.12554353614062524,False,False,False,True,False
"S1 (nominal, kappa=1.0)",30,3,3.2192835801583954,0.049176898943627666,0.09638672192951023,False,True,False,True,False
"S1 (nominal, kappa=1.0)",40,4,3.2920403151004187,0.08063948272576973,0.1580533861425087,False,False,True,True,False
"S1 (nominal, kappa=1.0)",50,5,3.2912479048356316,0.062468100808297095,0.12243747758426231,False,False,True,True,False
"S1 (nominal, kappa=1.0)",60,6,3.3104005122596476,0.05448239578251109,0.10678549573372173,False,False,True,True,False
"S1 (nominal, kappa=1.0)",70,7,3.2568406792435645,0.07063209230127002,0.13843890091048924,False,False,True,True,False
"S1 (nominal, kappa=1.0)",80,8,3.2364868730413283,0.06446663302871919,0.1263546007362896,False,False,True,True,False
"S1 (nominal, kappa=1.0)",90,9,3.2511571303555225,0.05871643293112611,0.11508420854500719,False,False,True,True,False
"S1 (nominal, kappa=1.0)",100,10,3.292850378903941,0.06705536944529163,0.1314285241127716,False,False,True,True,False
"S1 (nominal, kappa=1.0)",110,11,3.260971056736187,0.06852140086639905,0.13430194569814213,False,False,True,True,False
"S1 (nominal, kappa=1.0)",120,12,3.263276085824922,0.06259365095341574,0.12268355586869484,False,False,True,True,False
"S1 (nominal, kappa=1.0)",130,13,3.2465948453815305,0.059945517386753015,0.11749321407803591,False,False,True,True,False
"S1 (nominal, kappa=1.0)",140,14,3.2408999989973073,0.05579017995511956,0.10934875271203434,False,False,True,True,False
"S1 (nominal, kappa=1.0)",150,15,3.2506678270861062,0.052848356212913616,0.10358277817731068,True,False,True,True,False
"S1 (nominal, kappa=1.0)",160,16,3.267442509401591,0.052203640935202855,0.1023191362329976,True,False,True,True,False
"S1 (nominal, kappa=1.0)",170,17,3.251292284517401,0.051627858353083166,0.101190602372043,True,False,True,True,False
"S1 (nominal, kappa=1.0)",180,18,3.236571668456463,0.050852460772895666,0.0996708231148755,True,True,True,True,True
"S1 (nominal, kappa=1.0)",190,19,3.2336231130759225,0.04819189854988806,0.0944561211577806,True,True,True,True,True
"S1 (nominal, kappa=1.0)",200,20,3.2226651629999017,0.04701371977547615,0.09214689075993325,True,True,True,True,True
"S1 (nominal, kappa=1.0)",210,21,3.23472692870529,0.046317083717503274,0.09078148408630642,True,True,True,True,True
"S1 (nominal, kappa=1.0)",220,22,3.235469408178048,0.04416784769941324,0.08656898149084995,True,True,True,True,True
"S1 (nominal, kappa=1.0)",230,23,3.229837443350795,0.04257796522295481,0.08345281183699142,True,True,True,True,True
"S1 (nominal, kappa=1.0)",240,24,3.2348525597060864,0.04107262982863811,0.08050235446413069,True,True,True,True,True
"S1 (nominal, kappa=1.0)",250,25,3.2454228315571148,0.0407889040593363,0.07994625195629915,True,True,True,True,True
"S1 (nominal, kappa=1.0)",260,26,3.243062584731092,0.039259723223266756,0.07694905751760284,True,True,True,True,True
"S1 (nominal, kappa=1.0)",270,27,3.24532539661372,0.037845394682803755,0.07417697357829536,True,True,True,True,True
"S1 (nominal, kappa=1.0)",280,28,3.2491437877946763,0.036668088734342644,0.07186945391931158,True,True,True,True,True
"S1 (nominal, kappa=1.0)",290,29,3.2548907448289164,0.03584478689940478,0.07025578232283337,True,True,True,True,True
"S1 (nominal, kappa=1.0)",300,30,3.2678307884689604,0.036968052343598796,0.07245738259345363,True,True,True,False,False
"S1 (nominal, kappa=1.0)",310,31,3.281999628325527,0.03846066555276261,0.07538290448341471,True,True,True,False,False
"S1 (nominal, kappa=1.0)",320,32,3.2852214093121344,0.03737848636334182,0.07326183327214997,True,True,True,True,True
"S1 (nominal, kappa=1.0)",330,33,3.286083060155616,0.036238347811300024,0.07102716171014804,True,True,True,True,True
"S1 (nominal, kappa=1.0)",340,34,3.2925780699906775,0.035751292227046275,0.0700725327650107,True,True,True,True,True
"S1 (nominal, kappa=1.0)",350,35,3.295702201565087,0.03485509534307455,0.06831598687242611,True,True,True,True,True
"S1 (nominal, kappa=1.0)",360,36,3.289959500950914,0.03435641246919667,0.06733856843962548,True,True,True,True,True
"S1 (nominal, kappa=1.0)",370,37,3.288132213681103,0.03346488677571889,0.06559117808040903,True,True,True,True,True
"S1 (nominal, kappa=1.0)",380,38,3.266216219461083,0.039258978788496865,0.07694759842545386,True,True,True,True,True
"S1 (nominal, kappa=1.0)",390,39,3.2613478430486245,0.03854775155268074,0.07555359304325425,True,True,True,True,True
"S1 (nominal, kappa=1.0)",400,40,3.262291706958797,0.03758355453332969,0.07366376688532619,True,True,True,True,True
"S1 (nominal, kappa=1.0)",410,41,3.2648079631619207,0.03674168651263449,0.07201370556476361,True,True,True,True,True
"S1 (nominal, kappa=1.0)",420,42,3.2505646854178423,0.03858158994393955,0.07561991629012152,True,True,True,True,True
"S1 (nominal, kappa=1.0)",430,43,3.243820483643735,0.03827256150608649,0.07501422055192952,True,True,True,True,True
"S1 (nominal, kappa=1.0)",440,44,3.2437368852394766,0.03739270833162708,0.07328970832998907,True,True,True,True,True
"S1 (nominal, kappa=1.0)",450,45,3.2374191255132314,0.037094283273908374,0.07270479521686041,True,True,True,True,True
"S1 (nominal, kappa=1.0)",460,46,3.2357024593337145,0.036319517102626056,0.07118625352114707,True,True,True,True,True
"S1 (nominal, kappa=1.0)",470,47,3.231425164353796,0.035794836896135274,0.07015788031642514,True,True,True,True,True
"S1 (nominal, kappa=1.0)",480,48,3.223977771122972,0.03582384331472433,0.07021473289685969,True,True,True,True,True
"S1 (nominal, kappa=1.0)",490,49,3.227955939814459,0.0353099424407083,0.06920748718378826,True,True,True,True,True
"S1 (nominal, kappa=1.0)",500,50,3.226759523074069,0.03461721777925218,0.06784974684733427,True,True,True,True,True
"S1 (nominal, kappa=1.0)",510,51,3.2293198095239504,0.03402811553038488,0.06669510643955437,True,True,True,True,True
"S1 (nominal, kappa=1.0)",520,52,3.229784767040959,0.033370551842178,0.06540628161066887,True,True,True,True,True
"S1 (nominal, kappa=1.0)",530,53,3.2257266264016513,0.03298544877343253,0.06465147959592775,True,True,True,True,True
"S1 (nominal, kappa=1.0)",540,54,3.2311127080846895,0.032813898506129355,0.06431524107201353,True,True,True,True,True
"S1 (nominal, kappa=1.0)",550,55,3.22846546401764,0.032320353037934256,0.06334789195435114,True,True,True,True,True
"S1 (nominal, kappa=1.0)",560,56,3.2327579704764995,0.03202691841080883,0.06277276008518531,True,True,True,True,True
"S1 (nominal, kappa=1.0)",570,57,3.231525550460259,0.031484155755584865,0.06170894528094634,True,True,True,True,True
"S1 (nominal, kappa=1.0)",580,58,3.2264273539266357,0.031353828568367055,0.061453503993999424,True,True,True,True,True
"S1 (nominal, kappa=1.0)",590,59,3.2286234908873226,0.03089597754835667,0.06055611599477907,True,True,True,True,True
"S1 (nominal, kappa=1.0)",600,60,3.2290568621280267,0.030379771641865196,0.059544352418055786,True,True,True,True,True
"S1 (nominal, kappa=1.0)",610,61,3.220965575214355,0.030953827416294277,0.060669501735936784,True,True,True,True,True
"S1 (nominal, kappa=1.0)",620,62,3.2192835821786647,0.030496898345340688,0.05977392075686775,True,True,True,True,True
"S1 (nominal, kappa=1.0)",630,63,3.2204287699645455,0.030030759627300257,0.058860288869508504,True,True,True,True,True
"S1 (nominal, kappa=1.0)",640,64,3.2111772372363725,0.03097183684808858,0.060704800222253615,True,True,True,True,True
"S1 (nominal, kappa=1.0)",650,65,3.198564290576335,0.032997357055491235,0.06467481982876282,True,True,True,True,True
"S1 (nominal, kappa=1.0)",660,66,3.2012634925144923,0.032605468090918036,0.06390671745819936,True,True,True,True,True
"S1 (nominal, kappa=1.0)",670,67,3.198305797962555,0.03225104159743452,0.06321204153097165,True,True,True,True,True
"S1 (nominal, kappa=1.0)",680,68,3.198642460555684,0.03177500552774364,0.062279010834377535,True,True,True,True,True
"S1 (nominal, kappa=1.0)",690,69,3.2010541454403767,0.03140385254362409,0.061551550985503224,True,True,True,True,True
"S1 (nominal, kappa=1.0)",700,70,3.202370812435277,0.030979967202287528,0.06072073571648355,True,True,True,True,True
"S1 (nominal, kappa=1.0)",710,71,3.194339519212849,0.03157886305264337,0.061894571583181,True,True,True,True,True
"S1 (nominal, kappa=1.0)",720,72,3.194320213685093,0.031137184864696667,0.06102888233480547,True,True,True,True,True
"S1 (nominal, kappa=1.0)",730,73,3.192422635961448,0.030766260309613568,0.06030187020684259,True,True,True,True,True
"S1 (nominal, kappa=1.0)",740,74,3.196023347747313,0.03056051572115986,0.05989861081347333,True,True,True,True,True
"S1 (nominal, kappa=1.0)",750,75,3.187279524716907,0.031392584460343986,0.06152946554227421,True,True,True,True,True
"S1 (nominal, kappa=1.0)",760,76,3.183808999136324,0.031170576587925623,0.06109433011233422,True,True,True,True,True
"S1 (nominal, kappa=1.0)",770,77,3.1842043675633414,0.030765641087760184,0.06030065653200996,True,True,True,True,True
"S1 (nominal, kappa=1.0)",780,78,3.1865986916770503,0.03046288883427708,0.059707262115183075,True,True,True,True,True
"S1 (nominal, kappa=1.0)",790,79,3.1880863902701613,0.030111583923291524,0.05901870448965139,True,True,True,True,True
"S1 (nominal, kappa=1.0)",800,80,3.181774495486792,0.030395391344190822,0.05957496703461401,True,True,True,True,True
"S1 (nominal, kappa=1.0)",810,81,3.1806864881424115,0.030037505350225275,0.05887351048644154,True,True,True,True,True
"S1 (nominal, kappa=1.0)",820,82,3.1762777873323658,0.029994703379066255,0.05878961862296986,True,True,True,True,True
"S1 (nominal, kappa=1.0)",830,83,3.1765198560742895,0.02963210654299208,0.05807892882426448,True,True,True,True,True
"S1 (nominal, kappa=1.0)",840,84,3.179171453541273,0.029397048753928203,0.057618215557699276,True,True,True,True,True
"S1 (nominal, kappa=1.0)",850,85,3.178168182727654,0.029066462260553056,0.05697026603068399,True,True,True,True,True
"S1 (nominal, kappa=1.0)",860,86,3.1779482692729406,0.028727333695288525,0.05630557404276551,True,True,True,True,True
"S1 (nominal, kappa=1.0)",870,87,3.177133240757159,0.028406909112699302,0.055677541860890634,True,True,True,True,True
"S1 (nominal, kappa=1.0)",880,88,3.1736153201846466,0.028301738838443377,0.05547140812334902,True,True,True,True,True
"S1 (nominal, kappa=1.0)",890,89,3.17486716483594,0.028009923179230484,0.05489944943129175,True,True,True,True,True
"S1 (nominal, kappa=1.0)",900,90,3.179475448749128,0.02807770474727667,0.05503230130466227,True,True,True,True,True
"S1 (nominal, kappa=1.0)",910,91,3.1776414727845843,0.02782794338730511,0.05454276903911801,True,True,True,True,True
"S1 (nominal, kappa=1.0)",920,92,3.1756593227115646,0.027595084534902975,0.054086365688409827,True,True,True,True,True
"S1 (nominal, kappa=1.0)",930,93,3.1770143682748504,0.027330362933856225,0.0535675113503582,True,True,True,True,True
"S1 (nominal, kappa=1.0)",940,94,3.1771400382103607,0.02703834323116931,0.05299515273309184,True,True,True,True,True
"S1 (nominal, kappa=1.0)",950,95,3.171789491419786,0.027282033759826248,0.05347278616925945,True,True,True,True,True
"S1 (nominal, kappa=1.0)",960,96,3.176024749726864,0.02732654998117142,0.05356003796309598,True,True,True,True,True
"S1 (nominal, kappa=1.0)",970,97,3.173572422656047,0.027154328090026592,0.05322248305645212,True,True,True,True,True
"S1 (nominal, kappa=1.0)",980,98,3.1723394315295006,0.02690408311390205,0.05273200290324802,True,True,True,True,True
"S1 (nominal, kappa=1.0)",990,99,3.1757082527598617,0.026843170876370875,0.052612614917686915,True,True,True,True,True
"S1 (nominal, kappa=1.0)",1000,100,3.172474613783599,0.0267694065543652,0.052468036846555786,True,True,True,True,True
"S2 (weak UAV-HAP link, kappa=1.0)",10,1,3.4471891226269653,,,False,False,False,True,False
"S2 (weak UAV-HAP link, kappa=1.0)",20,2,3.223715133326607,0.2234739893003581,0.4380090190287019,False,False,False,True,False
"S2 (weak UAV-HAP link, kappa=1.0)",30,3,3.109822518928926,0.17209997747126857,0.3373159558436864,False,False,False,True,False
"S2 (weak UAV-HAP link, kappa=1.0)",40,4,2.898601583534797,0.24376932676523586,0.47778788045986226,False,False,True,False,False
"S2 (weak UAV-HAP link, kappa=1.0)",50,5,2.81647997909536,0.20590786463526145,0.40357941468511244,False,False,True,True,False
"S2 (weak UAV-HAP link, kappa=1.0)",60,6,2.7470046644092743,0.1819125756047837,0.356548648185376,False,False,True,True,False
"S2 (weak UAV-HAP link, kappa=1.0)",70,7,2.7545991672383434,0.15393164583596183,0.3017060258384852,False,False,True,True,False
"S2 (weak UAV-HAP link, kappa=1.0)",80,8,2.8215764945857504,0.1491883912069828,0.29240924676568625,False,False,True,True,False
"S2 (weak UAV-HAP link, kappa=1.0)",90,9,2.8638711611185377,0.13820266191783204,0.27087721735895076,False,False,True,True,False
"S2 (weak UAV-HAP link, kappa=1.0)",100,10,2.8675456051875274,0.12366681910745418,0.2423869654506102,False,False,True,True,False
"S2 (weak UAV-HAP link, kappa=1.0)",110,11,2.877624641807944,0.11231400629264811,0.22013545233359028,False,False,True,True,False
"S2 (weak UAV-HAP link, kappa=1.0)",120,12,2.8878743944296077,0.10303925192239183,0.20195693376788798,False,False,True,True,False
"S2 (weak UAV-HAP link, kappa=1.0)",130,13,2.832975314396741,0.10953354900665185,0.21468575605303764,False,False,True,True,False
"S2 (weak UAV-HAP link, kappa=1.0)",140,14,2.824523591350739,0.10175994967504923,0.19944950136309647,False,False,True,True,False
"S2 (weak UAV-HAP link, kappa=1.0)",150,15,2.8516564849473784,0.09854239168201995,0.19314308769675909,True,False,True,True,False
"S2 (weak UAV-HAP link, kappa=1.0)",160,16,2.851532143143222,0.0921780508011279,0.18066897957021066,True,False,True,True,False
"S2 (weak UAV-HAP link, kappa=1.0)",170,17,2.8430045844852847,0.08700511246159354,0.17053002042472332,True,False,True,True,False
"S2 (weak UAV-HAP link, kappa=1.0)",180,18,2.8184077149231013,0.08563758954387571,0.1678496755059964,True,False,True,True,False
"S2 (weak UAV-HAP link, kappa=1.0)",190,19,2.783011519980977,0.08840084136902739,0.17326564908329367,True,False,True,False,False
"S2 (weak UAV-HAP link, kappa=1.0)",200,20,2.8022270661089617,0.08603763764930708,0.16863376979264189,True,False,True,True,False
"S2 (weak UAV-HAP link, kappa=1.0)",210,21,2.8405136568086555,0.09035120636628907,0.17708836447792659,True,False,True,True,False
"S2 (weak UAV-HAP link, kappa=1.0)",220,22,2.88635948396789,0.09758615935092067,0.1912688723278045,True,False,True,True,False
"S2 (weak UAV-HAP link, kappa=1.0)",230,23,2.8757842459238563,0.09384456357906813,0.18393534461497354,True,False,True,True,False
"S2 (weak UAV-HAP link, kappa=1.0)",240,24,2.8790456449931283,0.08990850160648135,0.17622066314870344,True,False,True,True,False
"S2 (weak UAV-HAP link, kappa=1.0)",250,25,2.8823577469540673,0.08630078555628856,0.1691495396903256,True,False,True,True,False
"S2 (weak UAV-HAP link, kappa=1.0)",260,26,2.8815454013926693,0.08291909208593949,0.1625214204884414,True,False,True,True,False
"S2 (weak UAV-HAP link, kappa=1.0)",270,27,2.873735393784812,0.0801702571885822,0.1571337040896211,True,False,True,True,False
"S2 (weak UAV-HAP link, kappa=1.0)",280,28,2.8625765185752274,0.07805574872811256,0.15298926750710062,True,False,True,True,False
"S2 (weak UAV-HAP link, kappa=1.0)",290,29,2.8491775425113945,0.07649866840939001,0.14993739008240442,True,False,True,False,False
"S2 (weak UAV-HAP link, kappa=1.0)",300,30,2.8566312017733875,0.0742796532497945,0.14558812036959723,True,False,True,True,False
"S2 (weak UAV-HAP link, kappa=1.0)",310,31,2.8650285356242304,0.0723326793165105,0.14177205146036057,True,False,True,True,False
"S2 (weak UAV-HAP link, kappa=1.0)",320,32,2.8898308099415164,0.07429783494386606,0.14562375648997747,True,False,True,True,False
"S2 (weak UAV-HAP link, kappa=1.0)",330,33,2.8798241609379622,0.07270313369074144,0.14249814203385322,True,False,True,True,False
"S2 (weak UAV-HAP link, kappa=1.0)",340,34,2.8756172791741244,0.07065774754415687,0.13848918518654746,True,False,True,True,False
"S2 (weak UAV-HAP link, kappa=1.0)",350,35,2.8609041484966244,0.07016912996592427,0.13753149473321155,True,False,True,True,False
"S2 (weak UAV-HAP link, kappa=1.0)",360,36,2.8704477497680836,0.06885671977902365,0.13495917076688635,True,False,True,True,False
"S2 (weak UAV-HAP link, kappa=1.0)",370,37,2.8633279504372657,0.06734727710307821,0.1320006631220333,True,False,True,True,False
"S2 (weak UAV-HAP link, kappa=1.0)",380,38,2.87849003396796,0.06728168983750794,0.13187211208151556,True,False,True,True,False
"S2 (weak UAV-HAP link, kappa=1.0)",390,39,2.889317056117582,0.06642217463953688,0.1301874622934923,True,False,True,True,False
"S2 (weak UAV-HAP link, kappa=1.0)",400,40,2.8926208252457437,0.06482457026548713,0.12705615772035478,True,False,True,True,False
"S2 (weak UAV-HAP link, kappa=1.0)",410,41,2.881445520211223,0.06420378315752838,0.12583941498875562,True,False,True,True,False
"S2 (weak UAV-HAP link, kappa=1.0)",420,42,2.866472933147233,0.06442059012234781,0.1262643566398017,True,False,True,False,False
"S2 (weak UAV-HAP link, kappa=1.0)",430,43,2.8571578681835885,0.06359055773426876,0.12463749315916678,True,False,True,True,False
"S2 (weak UAV-HAP link, kappa=1.0)",440,44,2.872989440374998,0.06411388681273729,0.12566321815296508,True,False,True,True,False
"S2 (weak UAV-HAP link, kappa=1.0)",450,45,2.8851391041940815,0.06383973608052913,0.1251258827178371,True,False,True,True,False
"S2 (weak UAV-HAP link, kappa=1.0)",460,46,2.8980549789661008,0.0637584155564563,0.12496649449065433,True,False,True,True,False
"S2 (weak UAV-HAP link, kappa=1.0)",470,47,2.9018029926886864,0.062499589354358176,0.12249919513454202,True,False,True,True,False
"S2 (weak UAV-HAP link, kappa=1.0)",480,48,2.897789010351721,0.061315189356068764,0.12017777113789478,True,False,True,True,False
"S2 (weak UAV-HAP link, kappa=1.0)",490,49,2.9092860185854286,0.061141495924298093,0.11983733201162426,True,False,True,True,False
"S2 (weak UAV-HAP link, kappa=1.0)",500,50,2.915513453458968,0.060228997733738646,0.11804883555812774,True,False,True,True,False
"S2 (weak UAV-HAP link, kappa=1.0)",510,51,2.92048594079226,0.05924526677160837,0.11612072287235241,True,False,True,True,False
"S2 (weak UAV-HAP link, kappa=1.0)",520,52,2.92427667147558,0.05821830649438444,0.1141078807289935,True,False,True,True,False
"S2 (weak UAV-HAP link, kappa=1.0)",530,53,2.923118944787182,0.05712101838851636,0.11195719604149207,True,False,True,False,False
"S2 (weak UAV-HAP link, kappa=1.0)",540,54,2.9131524771379693,0.05693238425410723,0.11158747313805017,True,False,True,False,False
"S2 (weak UAV-HAP link, kappa=1.0)",550,55,2.912637267571539,0.05589003931793077,0.1095444770631443,True,False,True,True,False
"S2 (weak UAV-HAP link, kappa=1.0)",560,56,2.912834330408077,0.05488328287935849,0.10757123444354263,True,False,True,True,False
"S2 (weak UAV-HAP link, kappa=1.0)",570,57,2.9120876469327577,0.05391699114460207,0.10567730264342005,True,False,True,True,False
"S2 (weak UAV-HAP link, kappa=1.0)",580,58,2.9128071810978415,0.052984118735602964,0.10384887272178181,True,False,True,True,False
"S2 (weak UAV-HAP link, kappa=1.0)",590,59,2.9009817585389883,0.05340406514707889,0.10467196768827462,True,False,True,True,False
"S2 (weak UAV-HAP link, kappa=1.0)",600,60,2.899794172395085,0.052519882545643506,0.10293896978946127,True,False,True,True,False
"S2 (weak UAV-HAP link, kappa=1.0)",610,61,2.8999132321140935,0.05165186273791819,0.10123765096631965,True,False,True,True,False
"S2 (weak UAV-HAP link, kappa=1.0)",620,62,2.8937690191102554,0.05118207211496782,0.10031686134533693,True,False,True,True,False
"S2 (weak UAV-HAP link, kappa=1.0)",630,63,2.8971157899405964,0.05047418481920877,0.09892940224564918,True,True,True,True,True
"S2 (weak UAV-HAP link, kappa=1.0)",640,64,2.8919195738673427,0.049950276680737454,0.09790254229424541,True,True,True,True,True
"S2 (weak UAV-HAP link, kappa=1.0)",650,65,2.882239006195961,0.050119590708162645,0.09823439778799878,True,True,True,True,True
"S2 (weak UAV-HAP link, kappa=1.0)",660,66,2.879565536718469,0.049426717537844445,0.09687636637417511,True,True,True,True,True
"S2 (weak UAV-HAP link, kappa=1.0)",670,67,2.8856624929856047,0.049063712629789834,0.09616487675438808,True,True,True,True,True
"S2 (weak UAV-HAP link, kappa=1.0)",680,68,2.889532965375826,0.04849151518365069,0.09504336975995535,True,True,True,True,True
"S2 (weak UAV-HAP link, kappa=1.0)",690,69,2.881414859359244,0.04846827193593899,0.09499781299444042,True,True,True,True,True
"S2 (weak UAV-HAP link, kappa=1.0)",700,70,2.8788004066988204,0.04784234011431548,0.09377098662405833,True,True,True,True,True
"S2 (weak UAV-HAP link, kappa=1.0)",710,71,2.8737917139121456,0.04742890205631239,0.09296064803037228,True,True,True,True,True
"S2 (weak UAV-HAP link, kappa=1.0)",720,72,2.874283228579389,0.046768110983698284,0.09166549752804863,True,True,True,True,True
"S2 (weak UAV-HAP link, kappa=1.0)",730,73,2.8710644026640066,0.04623518376435053,0.09062096017812704,True,True,True,True,True
"S2 (weak UAV-HAP link, kappa=1.0)",740,74,2.864448605635355,0.04608346257285474,0.09032358664279529,True,True,True,True,True
"S2 (weak UAV-HAP link, kappa=1.0)",750,75,2.855042461896514,0.04642767976973084,0.09099825234867245,True,True,True,True,True
"S2 (weak UAV-HAP link, kappa=1.0)",760,76,2.8627711868648396,0.04646007080556084,0.09106173877889924,True,True,True,True,True
"S2 (weak UAV-HAP link, kappa=1.0)",770,77,2.8728251610264692,0.046942034989617513,0.09200638857965032,True,True,True,True,True
"S2 (weak UAV-HAP link, kappa=1.0)",780,78,2.8666393518751394,0.04674737941925304,0.09162486366173596,True,True,True,True,True
"S2 (weak UAV-HAP link, kappa=1.0)",790,79,2.869898276901791,0.04626676541176592,0.0906828602070612,True,True,True,True,True
"S2 (weak UAV-HAP link, kappa=1.0)",800,80,2.862178933408138,0.04633234837668699,0.09081140281830649,True,True,True,True,True
"S2 (weak UAV-HAP link, kappa=1.0)",810,81,2.8595140554193663,0.045834304573156494,0.08983523696338673,True,True,True,True,True
"S2 (weak UAV-HAP link, kappa=1.0)",820,82,2.858766177328861,0.045278076107366526,0.08874502917043839,True,True,True,True,True
"S2 (weak UAV-HAP link, kappa=1.0)",830,83,2.845624302665168,0.04661987714521089,0.09137495920461335,True,True,True,True,True
"S2 (weak UAV-HAP link, kappa=1.0)",840,84,2.8407309594402017,0.04632072781907853,0.09078862652539392,True,True,True,True,True
"S2 (weak UAV-HAP link, kappa=1.0)",850,85,2.839352391898564,0.0457932892144796,0.08975484686038002,True,True,True,True,True
"S2 (weak UAV-HAP link, kappa=1.0)",860,86,2.8347329696556556,0.04549281666202196,0.08916592065756304,True,True,True,True,True
"S2 (weak UAV-HAP link, kappa=1.0)",870,87,2.841314229996864,0.045445928613316706,0.08907402008210075,True,True,True,True,True
"S2 (weak UAV-HAP link, kappa=1.0)",880,88,2.8432000916642206,0.04496609309693478,0.08813354246999217,True,True,True,True,True
"S2 (weak UAV-HAP link, kappa=1.0)",890,89,2.849704056589024,0.04493121431801395,0.08806518006330735,True,True,True,True,True
"S2 (weak UAV-HAP link, kappa=1.0)",900,90,2.8488110599082646,0.044438147231667335,0.08709876857406798,True,True,True,True,True
"S2 (weak UAV-HAP link, kappa=1.0)",910,91,2.8435739937578606,0.04425804690534798,0.08674577193448203,True,True,True,True,True
"S2 (weak UAV-HAP link, kappa=1.0)",920,92,2.847059900141241,0.04391291609707663,0.08606931555027018,True,True,True,True,True
"S2 (weak UAV-HAP link, kappa=1.0)",930,93,2.851106023281876,0.04362620250346037,0.08550735690678234,True,True,True,True,True
"S2 (weak UAV-HAP link, kappa=1.0)",940,94,2.8555765599002214,0.043390513438628216,0.0850454063397113,True,True,True,True,True
"S2 (weak UAV-HAP link, kappa=1.0)",950,95,2.849823875977474,0.04331504897369991,0.08489749598845181,True,True,True,True,True
"S2 (weak UAV-HAP link, kappa=1.0)",960,96,2.8518719239941714,0.042910378748788884,0.08410434234762622,True,True,True,True,True
"S2 (weak UAV-HAP link, kappa=1.0)",970,97,2.847853724906014,0.04265538145840278,0.08360454765846945,True,True,True,True,True
"S2 (weak UAV-HAP link, kappa=1.0)",980,98,2.845543295477465,0.04228105219387547,0.08287086229999592,True,True,True,True,True
"S2 (weak UAV-HAP link, kappa=1.0)",990,99,2.8454370138335197,0.041851926765109244,0.08202977645961412,True,True,True,True,True
"S2 (weak UAV-HAP link, kappa=1.0)",1000,100,2.838095613674184,0.04207669491265351,0.08247032202880089,True,True,True,True,True
"S3 (degraded backhaul, kappa=1.0)",10,1,4.899060564203525,,,False,False,False,True,False
"S3 (degraded backhaul, kappa=1.0)",20,2,4.980083673831967,0.08102310962844106,0.15880529487174447,False,False,False,True,False
"S3 (degraded backhaul, kappa=1.0)",30,3,4.8134632030260525,0.17306250139628312,0.33920250273671493,False,False,False,True,False
"S3 (degraded backhaul, kappa=1.0)",40,4,4.935400333959893,0.1727540986348684,0.3385980333243421,False,False,True,True,False
"S3 (degraded backhaul, kappa=1.0)",50,5,4.9272399390456885,0.13406334026214356,0.2627641469138014,False,False,True,True,False
"S3 (degraded backhaul, kappa=1.0)",60,6,4.975163251126711,0.11949322146316062,0.2342067140677948,False,False,True,True,False
"S3 (degraded backhaul, kappa=1.0)",70,7,4.915927497977394,0.11708072370096177,0.22947821845388508,False,False,True,True,False
"S3 (degraded backhaul, kappa=1.0)",80,8,4.911072683725614,0.1015110393906742,0.19896163720572144,False,False,True,True,False
"S3 (degraded backhaul, kappa=1.0)",90,9,4.907639875954407,0.08959011313877809,0.17559662175200505,False,False,True,True,False
"S3 (degraded backhaul, kappa=1.0)",100,10,4.922550226661128,0.0815072343781375,0.1597541793811495,False,False,True,True,False
"S3 (degraded backhaul, kappa=1.0)",110,11,4.927948364023179,0.07392342602039996,0.1448899149999839,False,False,True,True,False
"S3 (degraded backhaul, kappa=1.0)",120,12,4.9552038060200125,0.07277879645842869,0.14264644105852023,False,False,True,True,False
"S3 (degraded backhaul, kappa=1.0)",130,13,4.944514004296972,0.06779483730328417,0.13287788111443696,False,False,True,True,False
"S3 (degraded backhaul, kappa=1.0)",140,14,4.9275352304018085,0.06502174485811255,0.1274426199219006,False,False,True,True,False
"S3 (degraded backhaul, kappa=1.0)",150,15,4.935872142047774,0.06110336400668682,0.11976259345310616,True,False,True,True,False
"S3 (degraded backhaul, kappa=1.0)",160,16,4.946590639391946,0.058153285733773805,0.11398044003819666,True,False,True,True,False
"S3 (degraded backhaul, kappa=1.0)",170,17,4.9360861783624514,0.055626333454130546,0.10902761357009587,True,False,True,True,False
"S3 (degraded backhaul, kappa=1.0)",180,18,4.928325445808748,0.05301611129996442,0.10391157814793026,True,False,True,True,False
"S3 (degraded backhaul, kappa=1.0)",190,19,4.925654593555381,0.05021929413174347,0.09842981649821719,True,True,True,True,True
"S3 (degraded backhaul, kappa=1.0)",200,20,4.935359383400475,0.04862059953064091,0.09529637508005617,True,True,True,True,True
"S3 (degraded backhaul, kappa=1.0)",210,21,4.935727846427615,0.04624888278738665,0.09064781026327783,True,True,True,True,True
"S3 (degraded backhaul, kappa=1.0)",220,22,4.96283794668575,0.051763557281583286,0.10145657227190324,True,False,True,True,False
"S3 (degraded backhaul, kappa=1.0)",230,23,4.959032282359255,0.049607982340474865,0.09723164538733073,True,True,True,True,True
"S3 (degraded backhaul, kappa=1.0)",240,24,4.946769343326167,0.04905356520815783,0.09614498780798934,True,True,True,True,True
"S3 (degraded backhaul, kappa=1.0)",250,25,4.956586172973499,0.04806373084962563,0.09420491246526624,True,True,True,True,True
"S3 (degraded backhaul, kappa=1.0)",260,26,4.944372263280679,0.04776609784872393,0.0936215517834989,True,True,True,True,True
"S3 (degraded backhaul, kappa=1.0)",270,27,4.955506190372808,0.04729225117393228,0.09269281230090727,True,True,True,True,True
"S3 (degraded backhaul, kappa=1.0)",280,28,4.953165516600069,0.04563202495915663,0.089438768919947,True,True,True,True,True
"S3 (degraded backhaul, kappa=1.0)",290,29,4.96741779792288,0.04627962391988194,0.09070806288296861,True,True,True,True,True
"S3 (degraded backhaul, kappa=1.0)",300,30,4.9710678466817635,0.04485910766050617,0.0879238510145921,True,True,True,True,True
"S3 (degraded backhaul, kappa=1.0)",310,31,4.983873616138154,0.04523824614241246,0.08866696243912842,True,True,True,True,True
"S3 (degraded backhaul, kappa=1.0)",320,32,4.973477673630454,0.04501853343387921,0.08823632553040325,True,True,True,True,True
"S3 (degraded backhaul, kappa=1.0)",330,33,4.981405919246962,0.04434745816944554,0.08692101801211326,True,True,True,True,True
"S3 (degraded backhaul, kappa=1.0)",340,34,4.973750045705565,0.04369921491557763,0.08565046123453215,True,True,True,True,True
"S3 (degraded backhaul, kappa=1.0)",350,35,4.979474433715214,0.04281668810599922,0.08392070868775847,True,True,True,True,True
"S3 (degraded backhaul, kappa=1.0)",360,36,4.980544794696208,0.04162410584529279,0.08158324745677387,True,True,True,True,True
"S3 (degraded backhaul, kappa=1.0)",370,37,4.995975331029449,0.04332453591909089,0.08491609040141815,True,True,True,True,True
"S3 (degraded backhaul, kappa=1.0)",380,38,4.9858404024113545,0.04336982713620772,0.08500486118696712,True,True,True,True,True
"S3 (degraded backhaul, kappa=1.0)",390,39,4.984397285109352,0.042267788374823055,0.08284486521465319,True,True,True,True,True
"S3 (degraded backhaul, kappa=1.0)",400,40,4.996853939859454,0.0430395850927621,0.08435758678181372,True,True,True,True,True
"S3 (degraded backhaul, kappa=1.0)",410,41,5.008345938353083,0.043521381545785484,0.08530190782973955,True,True,True,True,True
"S3 (degraded backhaul, kappa=1.0)",420,42,5.001647133675108,0.04299754516772622,0.08427518852874338,True,True,True,True,True
"S3 (degraded backhaul, kappa=1.0)",430,43,4.988426072892291,0.04401812305996681,0.08627552119753494,True,True,True,True,True
"S3 (degraded backhaul, kappa=1.0)",440,44,4.984712970596254,0.04316607208461316,0.08460550128584178,True,True,True,True,True
"S3 (degraded backhaul, kappa=1.0)",450,45,4.988160667762641,0.0423365400924552,0.0829796185812122,True,True,True,True,True
"S3 (degraded backhaul, kappa=1.0)",460,46,4.986735860266625,0.04143046009841049,0.08120370179288455,True,True,True,True,True
"S3 (degraded backhaul, kappa=1.0)",470,47,4.988096562775206,0.04056220783532099,0.07950192735722914,True,True,True,True,True
"S3 (degraded backhaul, kappa=1.0)",480,48,4.979562486703263,0.040614890079759915,0.07960518455632944,True,True,True,True,True
"S3 (degraded backhaul, kappa=1.0)",490,49,4.9765217693481105,0.03989343178014027,0.07819112628907493,True,True,True,True,True
"S3 (degraded backhaul, kappa=1.0)",500,50,4.979684209577645,0.03921514364928705,0.07686168155260262,True,True,True,True,True
"S3 (degraded backhaul, kappa=1.0)",510,51,4.970714290889606,0.0394712550124247,0.07736365982435241,True,True,True,True,True
"S3 (degraded backhaul, kappa=1.0)",520,52,4.968021601548179,0.03879830204429147,0.07604467200681128,True,True,True,True,True
"S3 (degraded backhaul, kappa=1.0)",530,53,4.963183820938665,0.03836545683502531,0.07519629539664961,True,True,True,True,True
"S3 (degraded backhaul, kappa=1.0)",540,54,4.969648731469452,0.038199322309668285,0.07487067172694983,True,True,True,True,True
"S3 (degraded backhaul, kappa=1.0)",550,55,4.972397690011587,0.037598984135043895,0.07369400890468603,True,True,True,True,True
"S3 (degraded backhaul, kappa=1.0)",560,56,4.973611138064347,0.03694140446543378,0.07240515275225021,True,True,True,True,True
"S3 (degraded backhaul, kappa=1.0)",570,57,4.976789722671567,0.03642646975188205,0.07139588071368883,True,True,True,True,True
"S3 (degraded backhaul, kappa=1.0)",580,58,4.97177229757986,0.03614287626778776,0.070840037484864,True,True,True,True,True
"S3 (degraded backhaul, kappa=1.0)",590,59,4.96979191743187,0.035580160203451644,0.06973711399876523,True,True,True,True,True
"S3 (degraded backhaul, kappa=1.0)",600,60,4.965314780641822,0.03526746792635731,0.06912423713566032,True,True,True,True,True
"S3 (degraded backhaul, kappa=1.0)",610,61,4.95927395009163,0.035206615669330664,0.0690049667118881,True,True,True,True,True
"S3 (degraded backhaul, kappa=1.0)",620,62,4.956897450400491,0.03471555098264177,0.06804247992597787,True,True,True,True,True
"S3 (degraded backhaul, kappa=1.0)",630,63,4.95573359437478,0.03417988724827295,0.06699257900661498,True,True,True,True,True
"S3 (degraded backhaul, kappa=1.0)",640,64,4.953032790073269,0.03374982614096237,0.06614965923628624,True,True,True,True,True
"S3 (degraded backhaul, kappa=1.0)",650,65,4.954379489989827,0.03325382157554652,0.06517749028807118,True,True,True,True,True
"S3 (degraded backhaul, kappa=1.0)",660,66,4.957270536221349,0.03287347262239537,0.06443200633989493,True,True,True,True,True
"S3 (degraded backhaul, kappa=1.0)",670,67,4.958063138957962,0.03238880606937483,0.06348205989597466,True,True,True,True,True
"S3 (degraded backhaul, kappa=1.0)",680,68,4.960455290337666,0.03199848720384719,0.06271703491954049,True,True,True,True,True
"S3 (degraded backhaul, kappa=1.0)",690,69,4.959472099718909,0.031546655828905985,0.06183144542465573,True,True,True,True,True
"S3 (degraded backhaul, kappa=1.0)",700,70,4.9582316289357475,0.03111745842876577,0.06099021852038091,True,True,True,True,True
"S3 (degraded backhaul, kappa=1.0)",710,71,4.9514087773310145,0.03142565151676781,0.0615942769728649,True,True,True,True,True
"S3 (degraded backhaul, kappa=1.0)",720,72,4.947541059566077,0.03122656353589159,0.06120406453034752,True,True,True,True,True
"S3 (degraded backhaul, kappa=1.0)",730,73,4.952720566546375,0.031228361175652343,0.06120758790427859,True,True,True,True,True
"S3 (degraded backhaul, kappa=1.0)",740,74,4.9589431219516324,0.031425685288000646,0.061594343164481265,True,True,True,True,True
"S3 (degraded backhaul, kappa=1.0)",750,75,4.95654977015204,0.031096085446593737,0.06094832747532372,True,True,True,True,True
"S3 (degraded backhaul, kappa=1.0)",760,76,4.948569689501812,0.03170491649021873,0.06214163632082872,True,True,True,True,True
"S3 (degraded backhaul, kappa=1.0)",770,77,4.945488171469657,0.031441824807080306,0.061625976621877396,True,True,True,True,True
"S3 (degraded backhaul, kappa=1.0)",780,78,4.947060335846639,0.031075901095035503,0.06090876614626958,True,True,True,True,True
"S3 (degraded backhaul, kappa=1.0)",790,79,4.95297612728982,0.031245156770291462,0.06124050726977127,True,True,True,True,True
"S3 (degraded backhaul, kappa=1.0)",800,80,4.9546438532275205,0.03089716226230765,0.060558438034122995,True,True,True,True,True
"S3 (degraded backhaul, kappa=1.0)",810,81,4.9557707319824775,0.030534132802731904,0.05984690029335453,True,True,True,True,True
"S3 (degraded backhaul, kappa=1.0)",820,82,4.956043877503404,0.030160703551707985,0.05911497896134765,True,True,True,True,True
"S3 (degraded backhaul, kappa=1.0)",830,83,4.956652515350076,0.029801321564415353,0.058410590266254094,True,True,True,True,True
"S3 (degraded backhaul, kappa=1.0)",840,84,4.955295468449627,0.029475662135861728,0.057772297786288986,True,True,True,True,True
"S3 (degraded backhaul, kappa=1.0)",850,85,4.958291856366515,0.02928054475334216,0.057389867716550635,True,True,True,True,True
"S3 (degraded backhaul, kappa=1.0)",860,86,4.9576271778076935,0.02894570295475282,0.05673357779131552,True,True,True,True,True
"S3 (degraded backhaul, kappa=1.0)",870,87,4.960047196125909,0.02871322348950523,0.056277918039430254,True,True,True,True,True
"S3 (degraded backhaul, kappa=1.0)",880,88,4.9570859027396885,0.02853911315699191,0.055936661787704144,True,True,True,True,True
"S3 (degraded backhaul, kappa=1.0)",890,89,4.953051311004024,0.028503613225257397,0.0558670819215045,True,True,True,True,True
"S3 (degraded backhaul, kappa=1.0)",900,90,4.960089640646361,0.02905063637869512,0.05693924730224244,True,True,True,True,True
"S3 (degraded backhaul, kappa=1.0)",910,91,4.958165886864716,0.028793960865287526,0.05643616329596355,True,True,True,True,True
"S3 (degraded backhaul, kappa=1.0)",920,92,4.957076974206193,0.028500073157728352,0.05586014338914757,True,True,True,True,True
"S3 (degraded backhaul, kappa=1.0)",930,93,4.95731163594872,0.028192931818391276,0.0552581463640469,True,True,True,True,True
"S3 (degraded backhaul, kappa=1.0)",940,94,4.954522570395757,0.028030497175935882,0.05493977446483433,True,True,True,True,True
"S3 (degraded backhaul, kappa=1.0)",950,95,4.954954725766361,0.027737236576319185,0.0543649836895856,True,True,True,True,True
"S3 (degraded backhaul, kappa=1.0)",960,96,4.956695085412429,0.027501907754792863,0.05390373919939401,True,True,True,True,True
"S3 (degraded backhaul, kappa=1.0)",970,97,4.956109424606272,0.027223206675914175,0.05335748508479178,True,True,True,True,True
"S3 (degraded backhaul, kappa=1.0)",980,98,4.957051487559508,0.026960450917595212,0.05284248379848661,True,True,True,True,True
"S3 (degraded backhaul, kappa=1.0)",990,99,4.959639262648283,0.026811906566259314,0.05255133686986825,True,True,True,True,True
"S3 (degraded backhaul, kappa=1.0)",1000,100,4.957053344421163,0.026668103421893574,0.0522694827069114,True,True,True,True,True
"S4 (disaster surge, kappa=1.6)",10,1,3.6896687885272605,,,False,False,False,True,False
"S4 (disaster surge, kappa=1.6)",20,2,3.580783453462306,0.10888533506495433,0.2134152567273105,False,False,False,True,False
"S4 (disaster surge, kappa=1.6)",30,3,3.5910812178296077,0.06370282056837763,0.12485752831402015,False,False,False,True,False
"S4 (disaster surge, kappa=1.6)",40,4,3.639518717689058,0.06614541606806748,0.12964501549341226,False,False,True,True,False
"S4 (disaster surge, kappa=1.6)",50,5,3.67821909359456,0.06420941313637588,0.12585044974729673,False,False,True,True,False
"S4 (disaster surge, kappa=1.6)",60,6,3.7365530778510667,0.07843098585880162,0.15372473228325118,False,False,True,False,False
"S4 (disaster surge, kappa=1.6)",70,7,3.732214218487696,0.0664281326138508,0.13019913992314758,False,False,True,True,False
"S4 (disaster surge, kappa=1.6)",80,8,3.770907772847905,0.06933046769602062,0.1358877166842004,False,False,True,True,False
"S4 (disaster surge, kappa=1.6)",90,9,3.742698915624162,0.06733717224161166,0.13198085759355885,False,False,True,True,False
"S4 (disaster surge, kappa=1.6)",100,10,3.8039210016596927,0.08588119486208325,0.16832714192968315,False,False,True,True,False
"S4 (disaster surge, kappa=1.6)",110,11,3.792954186152508,0.07845276410015883,0.1537674176363113,False,False,True,True,False
"S4 (disaster surge, kappa=1.6)",120,12,3.737546517474053,0.09054855002066055,0.17747515804049468,False,False,True,True,False
"S4 (disaster surge, kappa=1.6)",130,13,3.762306743825489,0.08689486730701614,0.17031393992175162,False,False,True,True,False
"S4 (disaster surge, kappa=1.6)",140,14,3.7522748251993567,0.08107208743288111,0.15890129136844697,False,False,True,True,False
"S4 (disaster surge, kappa=1.6)",150,15,3.762554464403932,0.07617083799900717,0.14929484247805405,True,False,True,True,False
"S4 (disaster surge, kappa=1.6)",160,16,3.791513252056064,0.07691136699843792,0.15074627931693832,True,False,True,True,False
"S4 (disaster surge, kappa=1.6)",170,17,3.7952185523930733,0.07234060484692113,0.14178758549996542,True,False,True,True,False
"S4 (disaster surge, kappa=1.6)",180,18,3.811173489175091,0.07004470393685158,0.1372876197162291,True,False,True,True,False
"S4 (disaster surge, kappa=1.6)",190,19,3.819195284403665,0.06673950306516355,0.13080942600772055,True,False,True,True,False
"S4 (disaster surge, kappa=1.6)",200,20,3.820833497617685,0.06333584202472614,0.12413825036846324,True,False,True,True,False
"S4 (disaster surge, kappa=1.6)",210,21,3.8290348076178935,0.0608000783265278,0.11916815351999448,True,False,True,True,False
"S4 (disaster surge, kappa=1.6)",220,22,3.8343752998021476,0.058216074529283554,0.11410350607739576,True,False,True,True,False
"S4 (disaster surge, kappa=1.6)",230,23,3.840874228607502,0.056005732526766536,0.1097712357524624,True,False,True,True,False
"S4 (disaster surge, kappa=1.6)",240,24,3.851444789460833,0.05465338043487077,0.10712062565234672,True,False,True,True,False
"S4 (disaster surge, kappa=1.6)",250,25,3.870566078672125,0.0558001463674056,0.10936828688011498,True,False,True,True,False
"S4 (disaster surge, kappa=1.6)",260,26,3.8671380931267008,0.05372053046818531,0.1052922397176432,True,False,True,True,False
"S4 (disaster surge, kappa=1.6)",270,27,3.878168169572233,0.05285629528266603,0.10359833875402541,True,False,True,True,False
"S4 (disaster surge, kappa=1.6)",280,28,3.8908633580539025,0.052491899178621966,0.10288412239009904,True,False,True,True,False
"S4 (disaster surge, kappa=1.6)",290,29,3.885254440575277,0.05095911973688979,0.09987987468430398,True,True,True,True,True
"S4 (disaster surge, kappa=1.6)",300,30,3.876113260652231,0.05007265650153041,0.0981424067429996,True,True,True,True,True
"S4 (disaster surge, kappa=1.6)",310,31,3.8857387475905085,0.049377743094812,0.09678037646583151,True,True,True,True,True
"S4 (disaster surge, kappa=1.6)",320,32,3.8874684465630063,0.047841073118207046,0.0937685033116858,True,True,True,True,True
"S4 (disaster surge, kappa=1.6)",330,33,3.8935363522320525,0.046764030273221964,0.09165749933551505,True,True,True,True,True
"S4 (disaster surge, kappa=1.6)",340,34,3.8848096851671823,0.046199454189133723,0.0905509302107021,True,True,True,True,True
"S4 (disaster surge, kappa=1.6)",350,35,3.884983292289138,0.04486038997457567,0.08792636435016832,True,True,True,True,True
"S4 (disaster surge, kappa=1.6)",360,36,3.8825285043667943,0.043665518887455686,0.08558441701941315,True,True,True,True,True
"S4 (disaster surge, kappa=1.6)",370,37,3.877911129900877,0.04271924666791396,0.08372972346911137,True,True,True,True,True
"S4 (disaster surge, kappa=1.6)",380,38,3.8807167486965306,0.041674409089005195,0.08168184181445018,True,True,True,True,True
"S4 (disaster surge, kappa=1.6)",390,39,3.8750812920143325,0.040981097051619925,0.08032295022117505,True,True,True,True,True
"S4 (disaster surge, kappa=1.6)",400,40,3.87994672758117,0.04023866626805151,0.07886778588538096,True,True,True,True,True
"S4 (disaster surge, kappa=1.6)",410,41,3.8670727759354726,0.041302614376662695,0.08095312417825888,True,True,True,True,True
"S4 (disaster surge, kappa=1.6)",420,42,3.8567706535129314,0.04160295739346718,0.08154179649119567,True,True,True,True,True
"S4 (disaster surge, kappa=1.6)",430,43,3.8526470433000353,0.04083267830363445,0.08003204947512352,True,True,True,True,True
"S4 (disaster surge, kappa=1.6)",440,44,3.8579526852961887,0.04024513317850301,0.0788804610298659,True,True,True,True,True
"S4 (disaster surge, kappa=1.6)",450,45,3.8591860048885285,0.039359960052667835,0.07714552170322896,True,True,True,True,True
"S4 (disaster surge, kappa=1.6)",460,46,3.852421836300359,0.03908457022445524,0.07660575763993227,True,True,True,True,True
"S4 (disaster surge, kappa=1.6)",470,47,3.851626136216682,0.03825222030787273,0.07497435180343055,True,True,True,True,True
"S4 (disaster surge, kappa=1.6)",480,48,3.849107264057114,0.0375314409595679,0.07356162428075308,True,True,True,True,True
"S4 (disaster surge, kappa=1.6)",490,49,3.8541906107551975,0.03710734734236656,0.07273040079103846,True,True,True,True,True
"S4 (disaster surge, kappa=1.6)",500,50,3.8451784001752727,0.037457935838116796,0.07341755424270892,True,True,True,True,True
"S4 (disaster surge, kappa=1.6)",510,51,3.8488363001299537,0.03689788312684888,0.0723198509286238,True,True,True,True,True
"S4 (disaster surge, kappa=1.6)",520,52,3.8495719885949713,0.03618882990462959,0.070930106613074,True,True,True,True,True
"S4 (disaster surge, kappa=1.6)",530,53,3.8440161467236797,0.03593158409481151,0.07042590482583055,True,True,True,True,True
"S4 (disaster surge, kappa=1.6)",540,54,3.847907934629262,0.03547403300609881,0.06952910469195367,True,True,True,True,True
"S4 (disaster surge, kappa=1.6)",550,55,3.842896513531861,0.035181829172792105,0.06895638517867253,True,True,True,True,True
"S4 (disaster surge, kappa=1.6)",560,56,3.840545279949222,0.03462778724653631,0.06787046300321117,True,True,True,True,True
"S4 (disaster surge, kappa=1.6)",570,57,3.833036034178021,0.03483388165467209,0.06827440804315729,True,True,True,True,True
"S4 (disaster surge, kappa=1.6)",580,58,3.83850013862382,0.0346614251433785,0.06793639328102186,True,True,True,True,True
"S4 (disaster surge, kappa=1.6)",590,59,3.8474407773177384,0.03522248573850405,0.06903607204746794,True,True,True,True,True
"S4 (disaster surge, kappa=1.6)",600,60,3.84879896450874,0.03465709245342072,0.06792790120870461,True,True,True,True,True
"S4 (disaster surge, kappa=1.6)",610,61,3.853593268448845,0.0344197417019696,0.0674626937358604,True,True,True,True,True
"S4 (disaster surge, kappa=1.6)",620,62,3.85679699811512,0.03401125950277626,0.06666206862544147,True,True,True,True,True
"S4 (disaster surge, kappa=1.6)",630,63,3.8546795609611215,0.0335339617420168,0.06572656501435294,True,True,True,True,True
"S4 (disaster surge, kappa=1.6)",640,64,3.85486790702923,0.03300637223954374,0.06469248958950573,True,True,True,True,True
"S4 (disaster surge, kappa=1.6)",650,65,3.8560580322569113,0.03251640159008682,0.06373214711657016,True,True,True,True,True
"S4 (disaster surge, kappa=1.6)",660,66,3.856332396486051,0.032021114253352904,0.06276138393657169,True,True,True,True,True
"S4 (disaster surge, kappa=1.6)",670,67,3.8518248897421237,0.03186003546620555,0.062445669513762875,True,True,True,True,True
"S4 (disaster surge, kappa=1.6)",680,68,3.8542369488544135,0.03148055159115754,0.06170188111866878,True,True,True,True,True
"S4 (disaster surge, kappa=1.6)",690,69,3.8512535658982148,0.031164087284948218,0.06108161107849851,True,True,True,True,True
"S4 (disaster surge, kappa=1.6)",700,70,3.8510601893978746,0.03071626848654474,0.06020388623362769,True,True,True,True,True
"S4 (disaster surge, kappa=1.6)",710,71,3.849401036117041,0.0303259753379717,0.059438911662424536,True,True,True,True,True
"S4 (disaster surge, kappa=1.6)",720,72,3.8584598053583883,0.03124387678366485,0.061237998495983104,True,True,True,True,True
"S4 (disaster surge, kappa=1.6)",730,73,3.855151673218935,0.030989980988552872,0.06074036273756363,True,True,True,True,True
"S4 (disaster surge, kappa=1.6)",740,74,3.8542298311761156,0.030582225676863212,0.05994116232665189,True,True,True,True,True
"S4 (disaster surge, kappa=1.6)",750,75,3.845863607489432,0.03131015211392101,0.061367898143285186,True,True,True,True,True
"S4 (disaster surge, kappa=1.6)",760,76,3.850151740215702,0.031191596062102565,0.06113552828172102,True,True,True,True,True
"S4 (disaster surge, kappa=1.6)",770,77,3.848786675326039,0.030814096292178947,0.060395628732670736,True,True,True,True,True
"S4 (disaster surge, kappa=1.6)",780,78,3.85043847760972,0.03046129689484935,0.059704141913904725,True,True,True,True,True
"S4 (disaster surge, kappa=1.6)",790,79,3.849383692814368,0.030091731056874124,0.05897979287147328,True,True,True,True,True
"S4 (disaster surge, kappa=1.6)",800,80,3.8549239166910256,0.030225296551940613,0.0592415812418036,True,True,True,True,True
"S4 (disaster surge, kappa=1.6)",810,81,3.847344257552258,0.030797118958170444,0.06036235315801407,True,True,True,True,True
"S4 (disaster surge, kappa=1.6)",820,82,3.848497652330152,0.03044108445914818,0.05966452553993044,True,True,True,True,True
"S4 (disaster surge, kappa=1.6)",830,83,3.8443819915700375,0.03035241570283972,0.059490734777565855,True,True,True,True,True
"S4 (disaster surge, kappa=1.6)",840,84,3.8484877398420982,0.03026865256947476,0.059326559036170526,True,True,True,True,True
"S4 (disaster surge, kappa=1.6)",850,85,3.8539084555202416,0.03039766510464786,0.05957942360510981,True,True,True,True,True
"S4 (disaster surge, kappa=1.6)",860,86,3.8523834898017673,0.030080804054084666,0.05895837594600595,True,True,True,True,True
"S4 (disaster surge, kappa=1.6)",870,87,3.85282966454131,0.02973638487273774,0.05828331435056597,True,True,True,True,True
"S4 (disaster surge, kappa=1.6)",880,88,3.8557895407007905,0.029545165467689535,0.057908524316671484,True,True,True,True,True
"S4 (disaster surge, kappa=1.6)",890,89,3.8610988721280406,0.02968989213176586,0.058192188578261084,True,True,True,True,True
"S4 (disaster surge, kappa=1.6)",900,90,3.857672013310189,0.029557476148497994,0.057932653251056065,True,True,True,True,True
"S4 (disaster surge, kappa=1.6)",910,91,3.851822073751083,0.02981048831153299,0.05842855709060466,True,True,True,True,True
"S4 (disaster surge, kappa=1.6)",920,92,3.855940651276571,0.029770943640051947,0.05835104953450181,True,True,True,True,True
"S4 (disaster surge, kappa=1.6)",930,93,3.8570425620879174,0.029469694301442816,0.057760600830827916,True,True,True,True,True
"S4 (disaster surge, kappa=1.6)",940,94,3.8571221348874656,0.029154609933707797,0.05714303547006728,True,True,True,True,True
"S4 (disaster surge, kappa=1.6)",950,95,3.8598919935653613,0.02897876540177084,0.05679838018747084,True,True,True,True,True
"S4 (disaster surge, kappa=1.6)",960,96,3.8608967110036496,0.028692910571903964,0.05623810472093177,True,True,True,True,True
"S4 (disaster surge, kappa=1.6)",970,97,3.8615356086104433,0.02840275334555752,0.055669396557292736,True,True,True,True,True
"S4 (disaster surge, kappa=1.6)",980,98,3.857740399714557,0.0283664662624867,0.05559827387447393,True,True,True,True,True
"S4 (disaster surge, kappa=1.6)",990,99,3.8567179486351097,0.028097084002011635,0.055070284643942806,True,True,True,True,True
"S4 (disaster surge, kappa=1.6)",1000,100,3.860431076426802,0.028061441959122656,0.055000426239880405,True,True,True,True,True
