scenario,block_idx,n_seeds_in_block,block_mean_RE_delay_pct,block_std_RE_delay_pct
"S1 (nominal, kappa=1.0)",0,10,3.18764648138349,1.0893416898127237
"S1 (nominal, kappa=1.0)",1,10,3.315752130506577,0.5106683682244878
"S1 (nominal, kappa=1.0)",2,10,3.154452128585121,0.7321033278137496
"S1 (nominal, kappa=1.0)",3,10,3.510310519926489,0.9388014593322681
"S1 (nominal, kappa=1.0)",4,10,3.288078263776485,0.7581889255518488
"S1 (nominal, kappa=1.0)",5,10,3.4061635493797278,1.0294629248565021
"S1 (nominal, kappa=1.0)",6,10,2.935481681147066,1.1429233506365746
"S1 (nominal, kappa=1.0)",7,10,3.0940102296256726,0.7154167323128277
"S1 (nominal, kappa=1.0)",8,10,3.368519188869077,0.8994094497010316
"S1 (nominal, kappa=1.0)",9,10,3.6680896158397083,1.0089389462405323
"S1 (nominal, kappa=1.0)",10,10,2.942177835058642,0.9245834792002798
"S1 (nominal, kappa=1.0)",11,10,3.2886314058010093,0.8511776995473356
"S1 (nominal, kappa=1.0)",12,10,3.046419960060832,0.8324931328459969
"S1 (nominal, kappa=1.0)",13,10,3.166866996002402,0.8811217925666991
"S1 (nominal, kappa=1.0)",14,10,3.3874174203292924,1.051149482824163
"S1 (nominal, kappa=1.0)",15,10,3.5190627441338718,0.803091901398614
"S1 (nominal, kappa=1.0)",16,10,2.9928886863703594,0.9058985433155561
"S1 (nominal, kappa=1.0)",17,10,2.98632119542052,1.0269178412505224
"S1 (nominal, kappa=1.0)",18,10,3.180549116226188,0.5077956765660625
"S1 (nominal, kappa=1.0)",19,10,3.0144641115555078,0.6332290314014057
"S1 (nominal, kappa=1.0)",20,10,3.4759622428130603,1.0431632095238137
"S1 (nominal, kappa=1.0)",21,10,3.2510614771059627,0.8728459619427965
"S1 (nominal, kappa=1.0)",22,10,3.1059342171512254,0.9505324035594119
"S1 (nominal, kappa=1.0)",23,10,3.350200235877792,0.7117769343801441
"S1 (nominal, kappa=1.0)",24,10,3.499109355981787,0.804607572790118
"S1 (nominal, kappa=1.0)",25,10,3.184056414080528,0.5860610494647402
"S1 (nominal, kappa=1.0)",26,10,3.304158505562048,0.7499398483480572
"S1 (nominal, kappa=1.0)",27,10,3.3522403496804998,1.0712091648208415
"S1 (nominal, kappa=1.0)",28,10,3.415805541787634,0.7182955619840891
"S1 (nominal, kappa=1.0)",29,10,3.643092054030228,0.8341821342393435
"S1 (nominal, kappa=1.0)",30,10,3.7070648240225443,0.7307444465750937
"S1 (nominal, kappa=1.0)",31,10,3.385096619896948,0.863598298074575
"S1 (nominal, kappa=1.0)",32,10,3.3136558871470405,0.9086145733743825
"S1 (nominal, kappa=1.0)",33,10,3.5069133945476887,1.1604274699862531
"S1 (nominal, kappa=1.0)",34,10,3.401922675095019,0.8430627286823829
"S1 (nominal, kappa=1.0)",35,10,3.0889649794548597,0.8589158737280542
"S1 (nominal, kappa=1.0)",36,10,3.2223498719679013,0.6110180776478465
"S1 (nominal, kappa=1.0)",37,10,2.455324433320347,0.9201582342975494
"S1 (nominal, kappa=1.0)",38,10,3.076349539375203,0.7042241766222493
"S1 (nominal, kappa=1.0)",39,10,3.299102399455543,0.8407071441076399
"S1 (nominal, kappa=1.0)",40,10,3.3654582112868647,1.2801197218763947
"S1 (nominal, kappa=1.0)",41,10,2.666590297910631,0.7977843282221477
"S1 (nominal, kappa=1.0)",42,10,2.960564009131246,0.8943716936090473
"S1 (nominal, kappa=1.0)",43,10,3.240142153856353,0.9743205839729341
"S1 (nominal, kappa=1.0)",44,10,2.959437697558446,1.1277263376533935
"S1 (nominal, kappa=1.0)",45,10,3.158452481255429,0.8624923137784749
"S1 (nominal, kappa=1.0)",46,10,3.0346695952775584,0.668719707051597
"S1 (nominal, kappa=1.0)",47,10,2.87395028927422,1.0571915891070633
"S1 (nominal, kappa=1.0)",48,10,3.4189080370058194,0.4790388096082823
"S1 (nominal, kappa=1.0)",49,10,3.1681351027949525,0.6412481289960902
"S1 (nominal, kappa=1.0)",50,10,3.35733413201802,0.6556874480945204
"S1 (nominal, kappa=1.0)",51,10,3.2534976004084344,1.024864421227294
"S1 (nominal, kappa=1.0)",52,10,3.0147033131576424,0.6206921201677987
"S1 (nominal, kappa=1.0)",53,10,3.5165750372857323,1.0740367149724155
"S1 (nominal, kappa=1.0)",54,10,3.085514284396937,1.3263383466960363
"S1 (nominal, kappa=1.0)",55,10,3.468845825713791,1.043957914319009
"S1 (nominal, kappa=1.0)",56,10,3.162510029550779,0.9031824034568059
"S1 (nominal, kappa=1.0)",57,10,2.935830151510112,0.870015860797509
"S1 (nominal, kappa=1.0)",58,10,3.3559994346071704,1.1673239519454908
"S1 (nominal, kappa=1.0)",59,10,3.25462576532957,0.6926968280262519
"S1 (nominal, kappa=1.0)",60,10,2.735488360394039,0.9836331542377609
"S1 (nominal, kappa=1.0)",61,10,3.116682007001566,1.1280271436662577
"S1 (nominal, kappa=1.0)",62,10,3.291430412689146,0.7724469559968616
"S1 (nominal, kappa=1.0)",63,10,2.628330675361487,0.6116958770384622
"S1 (nominal, kappa=1.0)",64,10,2.3913357043339443,0.4059965549102462
"S1 (nominal, kappa=1.0)",65,10,3.3767116184947064,1.136495080293907
"S1 (nominal, kappa=1.0)",66,10,3.003097957534701,0.6845369565413991
"S1 (nominal, kappa=1.0)",67,10,3.221198854295296,0.4843566865759691
"S1 (nominal, kappa=1.0)",68,10,3.365048717599508,0.98855248068417
"S1 (nominal, kappa=1.0)",69,10,3.2932208350833987,0.7370471620445874
"S1 (nominal, kappa=1.0)",70,10,2.6321489936428835,0.8595775805695379
"S1 (nominal, kappa=1.0)",71,10,3.192949521214414,0.8832674837049058
"S1 (nominal, kappa=1.0)",72,10,3.055797039859013,0.852248752285659
"S1 (nominal, kappa=1.0)",73,10,3.458875308115457,0.8194978143417119
"S1 (nominal, kappa=1.0)",74,10,2.540236620466861,0.7103720831690616
"S1 (nominal, kappa=1.0)",75,10,2.923519580592604,0.7826587309945368
"S1 (nominal, kappa=1.0)",76,10,3.214252368016635,1.044541210784006
"S1 (nominal, kappa=1.0)",77,10,3.370961648432646,0.8296288317383946
"S1 (nominal, kappa=1.0)",78,10,3.3041268805328095,1.0992079514810214
"S1 (nominal, kappa=1.0)",79,10,2.6831348076006614,1.0333953622960284
"S1 (nominal, kappa=1.0)",80,10,3.093645900591996,0.7542533929832251
"S1 (nominal, kappa=1.0)",81,10,2.8191730217186572,0.9478698832420841
"S1 (nominal, kappa=1.0)",82,10,3.196369492912045,0.38012118457049116
"S1 (nominal, kappa=1.0)",83,10,3.3992540433008918,0.6627598791219118
"S1 (nominal, kappa=1.0)",84,10,3.0938934343836215,1.047907844752699
"S1 (nominal, kappa=1.0)",85,10,3.159255625622319,1.0647018333297396
"S1 (nominal, kappa=1.0)",86,10,3.1070407883999414,0.6345404294297008
"S1 (nominal, kappa=1.0)",87,10,2.867556230376094,0.754665224413207
"S1 (nominal, kappa=1.0)",88,10,3.285029494149742,0.7715686910455103
"S1 (nominal, kappa=1.0)",89,10,3.5896127170228618,0.7110283953171782
"S1 (nominal, kappa=1.0)",90,10,3.0125836359756564,0.6543856600296186
"S1 (nominal, kappa=1.0)",91,10,2.9952836660667908,0.8127172528368413
"S1 (nominal, kappa=1.0)",92,10,3.301678560097142,1.0399436454092792
"S1 (nominal, kappa=1.0)",93,10,3.188827342212874,0.9217340162437726
"S1 (nominal, kappa=1.0)",94,10,2.6688380931057774,1.1564077589225372
"S1 (nominal, kappa=1.0)",95,10,3.5783742888991994,0.8756311116871102
"S1 (nominal, kappa=1.0)",96,10,2.9381490238575707,1.2139102383778775
"S1 (nominal, kappa=1.0)",97,10,3.0527392922544867,0.758871302616489
"S1 (nominal, kappa=1.0)",98,10,3.5058527333352183,1.0828093569405837
"S1 (nominal, kappa=1.0)",99,10,2.8523443551335808,0.7994644895726352
"S2 (weak UAV-HAP link, kappa=1.0)",0,10,3.4471891226269653,1.6442628155421104
"S2 (weak UAV-HAP link, kappa=1.0)",1,10,3.000241144026249,1.3353388844879637
"S2 (weak UAV-HAP link, kappa=1.0)",2,10,2.882037290133563,0.9343917423423842
"S2 (weak UAV-HAP link, kappa=1.0)",3,10,2.2649387773524103,1.3671780709211534
"S2 (weak UAV-HAP link, kappa=1.0)",4,10,2.487993561337612,0.6525280266087004
"S2 (weak UAV-HAP link, kappa=1.0)",5,10,2.399628090978843,1.35666939751739
"S2 (weak UAV-HAP link, kappa=1.0)",6,10,2.8001661842127614,1.2535499993507853
"S2 (weak UAV-HAP link, kappa=1.0)",7,10,3.290417786017602,1.7011181192223086
"S2 (weak UAV-HAP link, kappa=1.0)",8,10,3.2022284933808356,1.2940315031511245
"S2 (weak UAV-HAP link, kappa=1.0)",9,10,2.900615601808434,1.9249954699464862
"S2 (weak UAV-HAP link, kappa=1.0)",10,10,2.978415008012115,1.4227176101350463
"S2 (weak UAV-HAP link, kappa=1.0)",11,10,3.0006216732679056,1.3114102524984301
"S2 (weak UAV-HAP link, kappa=1.0)",12,10,2.17418635400234,0.743435133150291
"S2 (weak UAV-HAP link, kappa=1.0)",13,10,2.714651191752713,0.7001342298667261
"S2 (weak UAV-HAP link, kappa=1.0)",14,10,3.2315169953003298,1.503400993439558
"S2 (weak UAV-HAP link, kappa=1.0)",15,10,2.849667016080871,1.6549907613110235
"S2 (weak UAV-HAP link, kappa=1.0)",16,10,2.7065636459582914,0.7084152518569478
"S2 (weak UAV-HAP link, kappa=1.0)",17,10,2.400260932365981,0.8731321426629789
"S2 (weak UAV-HAP link, kappa=1.0)",18,10,2.145880011022741,1.1841822658478636
"S2 (weak UAV-HAP link, kappa=1.0)",19,10,3.1673224425406734,1.7237355220169277
"S2 (weak UAV-HAP link, kappa=1.0)",20,10,3.606245470802526,1.4173047070749603
"S2 (weak UAV-HAP link, kappa=1.0)",21,10,3.849121854311817,1.6232144575125216
"S2 (weak UAV-HAP link, kappa=1.0)",22,10,2.643129008955113,1.0470373713101673
"S2 (weak UAV-HAP link, kappa=1.0)",23,10,2.9540578235863757,1.134293388814148
"S2 (weak UAV-HAP link, kappa=1.0)",24,10,2.961848194016614,1.2478657898319072
"S2 (weak UAV-HAP link, kappa=1.0)",25,10,2.86123676235772,0.8070002328927489
"S2 (weak UAV-HAP link, kappa=1.0)",26,10,2.670675195980513,0.9294656261709784
"S2 (weak UAV-HAP link, kappa=1.0)",27,10,2.561286887916454,0.8373013426375969
"S2 (weak UAV-HAP link, kappa=1.0)",28,10,2.474006212724078,1.2342408255211834
"S2 (weak UAV-HAP link, kappa=1.0)",29,10,3.072787320371179,1.357998551602837
"S2 (weak UAV-HAP link, kappa=1.0)",30,10,3.1169485511495205,1.5441196334754659
"S2 (weak UAV-HAP link, kappa=1.0)",31,10,3.6587013137773754,1.3260715574823387
"S2 (weak UAV-HAP link, kappa=1.0)",32,10,2.559611392824216,1.1947950738724944
"S2 (weak UAV-HAP link, kappa=1.0)",33,10,2.736790180967475,1.2558389006574922
"S2 (weak UAV-HAP link, kappa=1.0)",34,10,2.3606577054616324,1.1581797848583293
"S2 (weak UAV-HAP link, kappa=1.0)",35,10,3.2044737942691413,1.3312537775386601
"S2 (weak UAV-HAP link, kappa=1.0)",36,10,2.607015174527828,1.3276969273418369
"S2 (weak UAV-HAP link, kappa=1.0)",37,10,3.439487124603655,1.513254858506405
"S2 (weak UAV-HAP link, kappa=1.0)",38,10,3.3007438978031964,0.844236453604024
"S2 (weak UAV-HAP link, kappa=1.0)",39,10,3.0214678212440833,1.7175543254197947
"S2 (weak UAV-HAP link, kappa=1.0)",40,10,2.4344333188304015,1.0924199830747958
"S2 (weak UAV-HAP link, kappa=1.0)",41,10,2.2525968635236557,0.847158604185714
"S2 (weak UAV-HAP link, kappa=1.0)",42,10,2.4659251397105004,1.2852523684721302
"S2 (weak UAV-HAP link, kappa=1.0)",43,10,3.5537470446056196,1.052065295232548
"S2 (weak UAV-HAP link, kappa=1.0)",44,10,3.4197243122337566,1.4388558584826816
"S2 (weak UAV-HAP link, kappa=1.0)",45,10,3.4792693437069695,1.4333677163270915
"S2 (weak UAV-HAP link, kappa=1.0)",46,10,3.074211623927618,0.9378921826985813
"S2 (weak UAV-HAP link, kappa=1.0)",47,10,2.709131840514327,1.0217025653688196
"S2 (weak UAV-HAP link, kappa=1.0)",48,10,3.4611424138033633,1.4134135629008633
"S2 (weak UAV-HAP link, kappa=1.0)",49,10,3.2206577622623924,1.85734825954873
"S2 (weak UAV-HAP link, kappa=1.0)",50,10,3.1691103074568496,1.5956472289111971
"S2 (weak UAV-HAP link, kappa=1.0)",51,10,3.1176039363249206,2.0936158783271392
"S2 (weak UAV-HAP link, kappa=1.0)",52,10,2.86291715699048,0.947664301716455
"S2 (weak UAV-HAP link, kappa=1.0)",53,10,2.384929691729692,1.1035729112657333
"S2 (weak UAV-HAP link, kappa=1.0)",54,10,2.8848159509842803,0.9957789117127427
"S2 (weak UAV-HAP link, kappa=1.0)",55,10,2.9236727864177343,1.9664571770704153
"S2 (weak UAV-HAP link, kappa=1.0)",56,10,2.8702733723148577,1.3911798726545126
"S2 (weak UAV-HAP link, kappa=1.0)",57,10,2.953820628507633,1.1355271533894538
"S2 (weak UAV-HAP link, kappa=1.0)",58,10,2.215107250125512,0.9216217768971576
"S2 (weak UAV-HAP link, kappa=1.0)",59,10,2.829726589904795,1.1688340413537104
"S2 (weak UAV-HAP link, kappa=1.0)",60,10,2.907056815254603,0.5638466700307272
"S2 (weak UAV-HAP link, kappa=1.0)",61,10,2.5189720258761343,0.9973322131481003
"S2 (weak UAV-HAP link, kappa=1.0)",62,10,3.1046155814217498,2.0621740498981302
"S2 (weak UAV-HAP link, kappa=1.0)",63,10,2.5645579612523424,1.1263545746776937
"S2 (weak UAV-HAP link, kappa=1.0)",64,10,2.262682675227525,0.7927139682487003
"S2 (weak UAV-HAP link, kappa=1.0)",65,10,2.7057900206815164,1.1562059469709192
"S2 (weak UAV-HAP link, kappa=1.0)",66,10,3.2880616066165382,1.3484382290418193
"S2 (weak UAV-HAP link, kappa=1.0)",67,10,3.1488546155206754,1.1793584610255052
"S2 (weak UAV-HAP link, kappa=1.0)",68,10,2.329383650231676,0.8504349820305863
"S2 (weak UAV-HAP link, kappa=1.0)",69,10,2.6984031731295675,1.5902044336303747
"S2 (weak UAV-HAP link, kappa=1.0)",70,10,2.5231832188449057,1.4156540967692322
"S2 (weak UAV-HAP link, kappa=1.0)",71,10,2.9091807699536396,1.2121880649863541
"S2 (weak UAV-HAP link, kappa=1.0)",72,10,2.6393089367564664,0.8795594254113969
"S2 (weak UAV-HAP link, kappa=1.0)",73,10,2.3814954225438028,0.9388473747489563
"S2 (weak UAV-HAP link, kappa=1.0)",74,10,2.158987825222284,1.0790709860829488
"S2 (weak UAV-HAP link, kappa=1.0)",75,10,3.442425559489254,0.9286615702965809
"S2 (weak UAV-HAP link, kappa=1.0)",76,10,3.636927197310314,1.7667909112102678
"S2 (weak UAV-HAP link, kappa=1.0)",77,10,2.3903320472227243,1.0274254278439916
"S2 (weak UAV-HAP link, kappa=1.0)",78,10,3.1240944289806096,1.318420305823913
"S2 (weak UAV-HAP link, kappa=1.0)",79,10,2.2523507974095955,1.1439127089928172
"S2 (weak UAV-HAP link, kappa=1.0)",80,10,2.646323816317607,1.6169389253355946
"S2 (weak UAV-HAP link, kappa=1.0)",81,10,2.7981880519979354,1.171322823195277
"S2 (weak UAV-HAP link, kappa=1.0)",82,10,1.7679905802423526,0.6666410781114324
"S2 (weak UAV-HAP link, kappa=1.0)",83,10,2.4345834717679793,0.769121285221446
"S2 (weak UAV-HAP link, kappa=1.0)",84,10,2.723552718401002,1.1037969547038045
"S2 (weak UAV-HAP link, kappa=1.0)",85,10,2.4420820790084456,0.7202681767742442
"S2 (weak UAV-HAP link, kappa=1.0)",86,10,3.4073026193407485,1.3040956523357876
"S2 (weak UAV-HAP link, kappa=1.0)",87,10,3.00727005672427,1.1889361445261757
"S2 (weak UAV-HAP link, kappa=1.0)",88,10,3.4220529699717646,1.8198364198478743
"S2 (weak UAV-HAP link, kappa=1.0)",89,10,2.76933435532066,1.0027104542486336
"S2 (weak UAV-HAP link, kappa=1.0)",90,10,2.3722380402215597,1.215599358701404
"S2 (weak UAV-HAP link, kappa=1.0)",91,10,3.1642773810288545,1.8828343285107751
"S2 (weak UAV-HAP link, kappa=1.0)",92,10,3.2233493522202545,1.057103424992663
"S2 (weak UAV-HAP link, kappa=1.0)",93,10,3.271336465406376,0.961780770313515
"S2 (weak UAV-HAP link, kappa=1.0)",94,10,2.309071587239183,1.195038084871056
"S2 (weak UAV-HAP link, kappa=1.0)",95,10,3.0464364855804575,1.205769288856399
"S2 (weak UAV-HAP link, kappa=1.0)",96,10,2.4621066124428763,1.2801339927981845
"S2 (weak UAV-HAP link, kappa=1.0)",97,10,2.6214316409081997,1.0942494705161594
"S2 (weak UAV-HAP link, kappa=1.0)",98,10,2.835021412726887,1.3778832630622333
"S2 (weak UAV-HAP link, kappa=1.0)",99,10,2.1112969978999345,0.8142197522052431
"S3 (degraded backhaul, kappa=1.0)",0,10,4.899060564203525,1.0592634075491487
"S3 (degraded backhaul, kappa=1.0)",1,10,5.061106783460407,0.7372857213510389
"S3 (degraded backhaul, kappa=1.0)",2,10,4.480222261414225,0.8512655648302058
"S3 (degraded backhaul, kappa=1.0)",3,10,5.301211726761415,0.5396289323759097
"S3 (degraded backhaul, kappa=1.0)",4,10,4.894598359388869,0.700587098693584
"S3 (degraded backhaul, kappa=1.0)",5,10,5.214779811531824,0.6890638673240722
"S3 (degraded backhaul, kappa=1.0)",6,10,4.560512979081499,0.8273703720415054
"S3 (degraded backhaul, kappa=1.0)",7,10,4.877088983963148,0.9583770030610066
"S3 (degraded backhaul, kappa=1.0)",8,10,4.880177413784759,0.6766722273808695
"S3 (degraded backhaul, kappa=1.0)",9,10,5.05674338302161,1.0257156360554263
"S3 (degraded backhaul, kappa=1.0)",10,10,4.9819297376436875,0.9239545482644643
"S3 (degraded backhaul, kappa=1.0)",11,10,5.255013667985184,0.5847061817685031
"S3 (degraded backhaul, kappa=1.0)",12,10,4.816236383620498,0.91892463067444
"S3 (degraded backhaul, kappa=1.0)",13,10,4.706811169764674,0.553761386307918
"S3 (degraded backhaul, kappa=1.0)",14,10,5.052588905091305,1.4444410152194662
"S3 (degraded backhaul, kappa=1.0)",15,10,5.107368099554495,0.6096961672352729
"S3 (degraded backhaul, kappa=1.0)",16,10,4.768014801890533,0.9412755097841234
"S3 (degraded backhaul, kappa=1.0)",17,10,4.796392992395797,0.7208605330536836
"S3 (degraded backhaul, kappa=1.0)",18,10,4.877579252994761,1.040370006113151
"S3 (degraded backhaul, kappa=1.0)",19,10,5.119750390457272,0.8224394070263628
"S3 (degraded backhaul, kappa=1.0)",20,10,4.943097106970432,0.7796481568383008
"S3 (degraded backhaul, kappa=1.0)",21,10,5.532150052106569,0.7113349945653057
"S3 (degraded backhaul, kappa=1.0)",22,10,4.875307667176357,0.861748096624412
"S3 (degraded backhaul, kappa=1.0)",23,10,4.664721745565176,0.6692118651736162
"S3 (degraded backhaul, kappa=1.0)",24,10,5.192190084509475,0.6987283041972729
"S3 (degraded backhaul, kappa=1.0)",25,10,4.639024520960136,0.7678787068076673
"S3 (degraded backhaul, kappa=1.0)",26,10,5.244988294768186,0.7857445885897597
"S3 (degraded backhaul, kappa=1.0)",27,10,4.889967324736118,0.9753761503193787
"S3 (degraded backhaul, kappa=1.0)",28,10,5.366481674961593,0.7395415720608102
"S3 (degraded backhaul, kappa=1.0)",29,10,5.076919260689367,0.9692330504098842
"S3 (degraded backhaul, kappa=1.0)",30,10,5.368046699829861,0.9063978986192034
"S3 (degraded backhaul, kappa=1.0)",31,10,4.651203455891762,0.7532616211585585
"S3 (degraded backhaul, kappa=1.0)",32,10,5.235109778975228,1.0060439162734782
"S3 (degraded backhaul, kappa=1.0)",33,10,4.721106218839452,0.9454052886625905
"S3 (degraded backhaul, kappa=1.0)",34,10,5.174103626043303,0.4880437764207805
"S3 (degraded backhaul, kappa=1.0)",35,10,5.018007429030992,0.6420136003484205
"S3 (degraded backhaul, kappa=1.0)",36,10,5.551474639026153,0.8690034193353579
"S3 (degraded backhaul, kappa=1.0)",37,10,4.610848043541862,0.8098018732221457
"S3 (degraded backhaul, kappa=1.0)",38,10,4.9295588276332385,0.8110246757620813
"S3 (degraded backhaul, kappa=1.0)",39,10,5.4826634751134105,0.7614309219142642
"S3 (degraded backhaul, kappa=1.0)",40,10,5.468025878098226,1.4678886829306679
"S3 (degraded backhaul, kappa=1.0)",41,10,4.7269961418781055,0.7800580970968009
"S3 (degraded backhaul, kappa=1.0)",42,10,4.433141520014013,0.5249444926239745
"S3 (degraded backhaul, kappa=1.0)",43,10,4.8250495718666535,0.6895926010312841
"S3 (degraded backhaul, kappa=1.0)",44,10,5.139859343083682,1.0633385972425835
"S3 (degraded backhaul, kappa=1.0)",45,10,4.9226195229459275,0.6518320145689032
"S3 (degraded backhaul, kappa=1.0)",46,10,5.050688878169872,0.5583023952818236
"S3 (degraded backhaul, kappa=1.0)",47,10,4.578460911321981,1.4676784654206656
"S3 (degraded backhaul, kappa=1.0)",48,10,4.830567336300766,0.6904087192167628
"S3 (degraded backhaul, kappa=1.0)",49,10,5.134643780824855,1.0483212900644603
"S3 (degraded backhaul, kappa=1.0)",50,10,4.522218356487618,0.9515951061424579
"S3 (degraded backhaul, kappa=1.0)",51,10,4.8306944451353955,0.9928786089961859
"S3 (degraded backhaul, kappa=1.0)",52,10,4.711619229243982,0.5218388770783556
"S3 (degraded backhaul, kappa=1.0)",53,10,5.312288989601126,1.0791014025464536
"S3 (degraded backhaul, kappa=1.0)",54,10,5.120841451286868,0.8592564685770859
"S3 (degraded backhaul, kappa=1.0)",55,10,5.0403507809661745,1.3071535236327987
"S3 (degraded backhaul, kappa=1.0)",56,10,5.154790460675948,0.4879786389936833
"S3 (degraded backhaul, kappa=1.0)",57,10,4.685779067352515,0.9865069022066548
"S3 (degraded backhaul, kappa=1.0)",58,10,4.854929868848448,0.7540941748561161
"S3 (degraded backhaul, kappa=1.0)",59,10,4.701163710028996,0.4796252157252007
"S3 (degraded backhaul, kappa=1.0)",60,10,4.596824117080146,0.6868510665772165
"S3 (degraded backhaul, kappa=1.0)",61,10,4.811930969240964,0.7990336580936693
"S3 (degraded backhaul, kappa=1.0)",62,10,4.883574520780728,0.8961484020702492
"S3 (degraded backhaul, kappa=1.0)",63,10,4.782882119078138,0.7269715344101613
"S3 (degraded backhaul, kappa=1.0)",64,10,5.040568284649511,0.7392856957739745
"S3 (degraded backhaul, kappa=1.0)",65,10,5.145188541270316,0.8450867645665029
"S3 (degraded backhaul, kappa=1.0)",66,10,5.010374919574369,1.2338418352698242
"S3 (degraded backhaul, kappa=1.0)",67,10,5.120729432777885,0.6906731260697102
"S3 (degraded backhaul, kappa=1.0)",68,10,4.892615137643363,0.6492964694759781
"S3 (degraded backhaul, kappa=1.0)",69,10,4.872639144897699,1.0702360772300978
"S3 (degraded backhaul, kappa=1.0)",70,10,4.473809164999702,0.7642164184944882
"S3 (degraded backhaul, kappa=1.0)",71,10,4.672933098255404,1.1995097277105373
"S3 (degraded backhaul, kappa=1.0)",72,10,5.325645069127855,0.7384506400172597
"S3 (degraded backhaul, kappa=1.0)",73,10,5.4131896665354144,1.0032993770023098
"S3 (degraded backhaul, kappa=1.0)",74,10,4.779441736982221,1.093504656770517
"S3 (degraded backhaul, kappa=1.0)",75,10,4.350063640734708,0.5200346511014808
"S3 (degraded backhaul, kappa=1.0)",76,10,4.711292801025868,0.6079589349584477
"S3 (degraded backhaul, kappa=1.0)",77,10,5.068116992874228,0.5611977284198066
"S3 (degraded backhaul, kappa=1.0)",78,10,5.414407859857959,0.741882356001101
"S3 (degraded backhaul, kappa=1.0)",79,10,5.086394202305884,0.871311387654572
"S3 (degraded backhaul, kappa=1.0)",80,10,5.045921032379042,0.8511259071510837
"S3 (degraded backhaul, kappa=1.0)",81,10,4.978168664698496,0.7409940648450963
"S3 (degraded backhaul, kappa=1.0)",82,10,5.00656081877708,0.3838284055737668
"S3 (degraded backhaul, kappa=1.0)",83,10,4.842660575712441,0.8429902193507746
"S3 (degraded backhaul, kappa=1.0)",84,10,5.2099884413850805,0.68571696305142
"S3 (degraded backhaul, kappa=1.0)",85,10,4.9011295003078725,1.1045391235092352
"S3 (degraded backhaul, kappa=1.0)",86,10,5.1681687714923825,0.9247686583303437
"S3 (degraded backhaul, kappa=1.0)",87,10,4.699453378138484,0.8166809929748243
"S3 (degraded backhaul, kappa=1.0)",88,10,4.598007238265546,0.7979463867889809
"S3 (degraded backhaul, kappa=1.0)",89,10,5.586500978814413,0.8677496608395638
"S3 (degraded backhaul, kappa=1.0)",90,10,4.785028046516635,0.5558681596541114
"S3 (degraded backhaul, kappa=1.0)",91,10,4.857985922280617,0.5579602678023345
"S3 (degraded backhaul, kappa=1.0)",92,10,4.978900516261202,0.49336380009254566
"S3 (degraded backhaul, kappa=1.0)",93,10,4.695139473970258,0.8753373452966938
"S3 (degraded backhaul, kappa=1.0)",94,10,4.995577330603124,0.7899296589888598
"S3 (degraded backhaul, kappa=1.0)",95,10,5.12202925178884,1.0193747652878362
"S3 (degraded backhaul, kappa=1.0)",96,10,4.899885987215159,1.1768286964064265
"S3 (degraded backhaul, kappa=1.0)",97,10,5.0484315940234135,0.5188731813778484
"S3 (degraded backhaul, kappa=1.0)",98,10,5.213241221348207,0.628373988018556
"S3 (degraded backhaul, kappa=1.0)",99,10,4.701047439936332,0.6678081073792255
"S4 (disaster surge, kappa=1.6)",0,10,3.6896687885272605,0.7073146436321287
"S4 (disaster surge, kappa=1.6)",1,10,3.471898118397352,0.9530809145422185
"S4 (disaster surge, kappa=1.6)",2,10,3.6116767465642097,1.243258212914322
"S4 (disaster surge, kappa=1.6)",3,10,3.784831217267411,0.8790428898250205
"S4 (disaster surge, kappa=1.6)",4,10,3.833020597216567,0.7674046918164604
"S4 (disaster surge, kappa=1.6)",5,10,4.0282229991335985,0.5456686735346861
"S4 (disaster surge, kappa=1.6)",6,10,3.706181062307473,1.159092223948272
"S4 (disaster surge, kappa=1.6)",7,10,4.041762653369368,1.0143020871403403
"S4 (disaster surge, kappa=1.6)",8,10,3.5170280578342195,0.5892926274643466
"S4 (disaster surge, kappa=1.6)",9,10,4.35491977597947,1.0166214624675953
"S4 (disaster surge, kappa=1.6)",10,10,3.6832860310806614,0.6352239310312356
"S4 (disaster surge, kappa=1.6)",11,10,3.1280621620110507,1.1173483657299499
"S4 (disaster surge, kappa=1.6)",12,10,4.059429460042722,0.6907121318709497
"S4 (disaster surge, kappa=1.6)",13,10,3.621859883059635,0.6077477099110745
"S4 (disaster surge, kappa=1.6)",14,10,3.9064694132679834,0.8871385631783055
"S4 (disaster surge, kappa=1.6)",15,10,4.2258950668380475,0.860901512449911
"S4 (disaster surge, kappa=1.6)",16,10,3.8545033577852266,0.9534935806913112
"S4 (disaster surge, kappa=1.6)",17,10,4.08240741446939,0.5905959540632989
"S4 (disaster surge, kappa=1.6)",18,10,3.963587598517998,0.7730615269948218
"S4 (disaster surge, kappa=1.6)",19,10,3.8519595486840594,0.7494090847435277
"S4 (disaster surge, kappa=1.6)",20,10,3.9930610076220665,1.205086520708897
"S4 (disaster surge, kappa=1.6)",21,10,3.946525635671493,0.5012709138710734
"S4 (disaster surge, kappa=1.6)",22,10,3.9838506623252896,0.43586574931152733
"S4 (disaster surge, kappa=1.6)",23,10,4.09456768908745,1.266367161495768
"S4 (disaster surge, kappa=1.6)",24,10,4.329477019743133,1.3876376054520305
"S4 (disaster surge, kappa=1.6)",25,10,3.7814384544910977,0.824627325474788
"S4 (disaster surge, kappa=1.6)",26,10,4.1649501571560705,1.0520017809406514
"S4 (disaster surge, kappa=1.6)",27,10,4.233633447058981,0.6995595913652578
"S4 (disaster surge, kappa=1.6)",28,10,3.728204751173768,0.8352350055816076
"S4 (disaster surge, kappa=1.6)",29,10,3.6110190428839006,0.6935734789471864
"S4 (disaster surge, kappa=1.6)",30,10,4.174503355738833,1.3164563198193058
"S4 (disaster surge, kappa=1.6)",31,10,3.9410891147104166,0.8820230565953991
"S4 (disaster surge, kappa=1.6)",32,10,4.087709333641518,0.7998209136281417
"S4 (disaster surge, kappa=1.6)",33,10,3.59682967202646,0.7686280573162914
"S4 (disaster surge, kappa=1.6)",34,10,3.890885934435641,1.2014801715347843
"S4 (disaster surge, kappa=1.6)",35,10,3.796610927084765,1.038388045369676
"S4 (disaster surge, kappa=1.6)",36,10,3.7116856491278547,0.9787140454023271
"S4 (disaster surge, kappa=1.6)",37,10,3.9845246441357225,0.9911805712303229
"S4 (disaster surge, kappa=1.6)",38,10,3.660933938090806,0.7843645021161313
"S4 (disaster surge, kappa=1.6)",39,10,4.069698714687843,1.0607368038998317
"S4 (disaster surge, kappa=1.6)",40,10,3.352114710107574,0.7874554381811214
"S4 (disaster surge, kappa=1.6)",41,10,3.4343836341887495,1.081685620804159
"S4 (disaster surge, kappa=1.6)",42,10,3.6794554143583915,0.6151910611062354
"S4 (disaster surge, kappa=1.6)",43,10,4.086095291130797,0.9594854632590065
"S4 (disaster surge, kappa=1.6)",44,10,3.9134520669514936,0.9225277190257909
"S4 (disaster surge, kappa=1.6)",45,10,3.548034249832719,0.7593606525752922
"S4 (disaster surge, kappa=1.6)",46,10,3.815023932367551,0.7205944720844111
"S4 (disaster surge, kappa=1.6)",47,10,3.7307202725573854,0.750583866332781
"S4 (disaster surge, kappa=1.6)",48,10,4.098191252263211,1.3259979794054073
"S4 (disaster surge, kappa=1.6)",49,10,3.403580081758933,0.6027363581691924
"S4 (disaster surge, kappa=1.6)",50,10,4.0317312978640185,0.9491861885996825
"S4 (disaster surge, kappa=1.6)",51,10,3.8870921003108676,0.8574674674956944
"S4 (disaster surge, kappa=1.6)",52,10,3.5551123694165163,0.9202253139406902
"S4 (disaster surge, kappa=1.6)",53,10,4.054172693625122,0.9761413350631025
"S4 (disaster surge, kappa=1.6)",54,10,3.5722797742722117,0.6192380701895955
"S4 (disaster surge, kappa=1.6)",55,10,3.7112274329041144,0.6130232239840679
"S4 (disaster surge, kappa=1.6)",56,10,3.4125182709907795,0.7419171418876814
"S4 (disaster surge, kappa=1.6)",57,10,4.149954092034339,1.3354860392948207
"S4 (disaster surge, kappa=1.6)",58,10,4.36599782156501,0.7380824286571172
"S4 (disaster surge, kappa=1.6)",59,10,3.9289320087778514,1.012725477402667
"S4 (disaster surge, kappa=1.6)",60,10,4.14125150485514,0.7872957346120953
"S4 (disaster surge, kappa=1.6)",61,10,4.052224507757906,1.0283462060659854
"S4 (disaster surge, kappa=1.6)",62,10,3.723398457413205,0.9837115743403221
"S4 (disaster surge, kappa=1.6)",63,10,3.866733709320061,0.844458962980936
"S4 (disaster surge, kappa=1.6)",64,10,3.932226046828535,0.8488571840517787
"S4 (disaster surge, kappa=1.6)",65,10,3.8741660713801287,0.9448356520710218
"S4 (disaster surge, kappa=1.6)",66,10,3.5543294446428617,1.056479392500953
"S4 (disaster surge, kappa=1.6)",67,10,4.0158449093778605,1.183456278298933
"S4 (disaster surge, kappa=1.6)",68,10,3.6483835248766647,1.0852147036458752
"S4 (disaster surge, kappa=1.6)",69,10,3.837717210874433,0.7209652562140186
"S4 (disaster surge, kappa=1.6)",70,10,3.733260306458675,0.7639815661387238
"S4 (disaster surge, kappa=1.6)",71,10,4.501632421494077,0.968831867198029
"S4 (disaster surge, kappa=1.6)",72,10,3.6169661591782636,0.7759229407648447
"S4 (disaster surge, kappa=1.6)",73,10,3.786935362050319,0.9308636885288674
"S4 (disaster surge, kappa=1.6)",74,10,3.2267630546748256,0.9926064045641865
"S4 (disaster surge, kappa=1.6)",75,10,4.1717616946859,0.9056499765049913
"S4 (disaster surge, kappa=1.6)",76,10,3.7450417437117087,0.4954690862048889
"S4 (disaster surge, kappa=1.6)",77,10,3.9776272534531087,0.46798001605291323
"S4 (disaster surge, kappa=1.6)",78,10,3.7671104787769236,1.1239291515983716
"S4 (disaster surge, kappa=1.6)",79,10,4.29260160294701,0.8843928699368481
"S4 (disaster surge, kappa=1.6)",80,10,3.2409715264508407,0.8456621494475886
"S4 (disaster surge, kappa=1.6)",81,10,3.941922629339616,0.8828771264213588
"S4 (disaster surge, kappa=1.6)",82,10,3.5068978092406318,1.1865712562847437
"S4 (disaster surge, kappa=1.6)",83,10,4.189264846423158,1.1971719850169837
"S4 (disaster surge, kappa=1.6)",84,10,4.3092485724842335,0.6917420301595638
"S4 (disaster surge, kappa=1.6)",85,10,3.7227614037314267,1.1594141634305295
"S4 (disaster surge, kappa=1.6)",86,10,3.8912006921419584,1.0052449342966823
"S4 (disaster surge, kappa=1.6)",87,10,4.113298766575688,0.8801164305315369
"S4 (disaster surge, kappa=1.6)",88,10,4.328320037726021,1.2814791545517907
"S4 (disaster surge, kappa=1.6)",89,10,3.5526815785213777,0.8144589613620901
"S4 (disaster surge, kappa=1.6)",90,10,3.32532751343154,0.6525187445283976
"S4 (disaster surge, kappa=1.6)",91,10,4.230731206095959,0.853230277573903
"S4 (disaster surge, kappa=1.6)",92,10,3.958418356731798,0.8364863038848196
"S4 (disaster surge, kappa=1.6)",93,10,3.8645224052454736,0.7765922821406861
"S4 (disaster surge, kappa=1.6)",94,10,4.120258709287572,1.0617695065586978
"S4 (disaster surge, kappa=1.6)",95,10,3.956344867641049,1.2377632820752233
"S4 (disaster surge, kappa=1.6)",96,10,3.9228697788625966,0.5481554017463598
"S4 (disaster surge, kappa=1.6)",97,10,3.489605136813607,0.7411260674716125
"S4 (disaster surge, kappa=1.6)",98,10,3.756517742849252,0.6442301821157738
"S4 (disaster surge, kappa=1.6)",99,10,4.228030727804282,0.7769104304196407
