alpha,W1_U_s,W2_U_s,W3_U_s,T1_E2E_s,T2_E2E_s,T3_E2E_s,rho_U,rho_H,rho_U_reference_line
0.05,0.04971481936600597,0.05526238007180384,0.07709246723437169,0.17062021919688647,0.27776899787351456,0.504586568331567,0.3011575342171176,0.1802025018388388,0.3011575342171176
0.05452261306532664,0.05019775157592479,0.05582900142859537,0.0780341847176339,0.17140326853497811,0.2789358534866517,0.5067287543275204,0.30259809643234703,0.1802025018388388,0.3283979141965554
0.05904522613065327,0.050687755347690794,0.05640438710701495,0.07899335751809528,0.1721962744059754,0.2801172433635339,0.508899935524907,0.30405250650865734,0.1802025018388388,0.35563829417599313
0.0635678391959799,0.051184969430840194,0.05698871889623458,0.07997042205421012,0.17299941735937097,0.28131343289324584,0.5111007155420065,0.3055209650858389,0.1802025018388388,0.38287867415543086
0.06809045226130653,0.05168953599483617,0.057582183325970454,0.08096582854275797,0.1738128821760151,0.28252469382827794,0.5133317150411468,0.30700367669854994,0.1802025018388388,0.4101190541348686
0.07261306532663317,0.052201600730729505,0.058184971815688435,0.081980041528463,0.17463685798956208,0.2837513044733032,0.5155935723374665,0.30850084987128745,0.1802025018388388,0.43735943411430633
0.0771356783919598,0.05272131295636283,0.058797280829320536,0.08301354043760506,0.1754715384120419,0.28499354988062836,0.5178869440339946,0.31001269721615077,0.1802025018388388,0.46459981409374407
0.08165829145728642,0.05324882572525995,0.059419312035726174,0.08406682015687972,0.17631712166371893,0.28625172205259386,0.5202125056843889,0.31153943553349434,0.1802025018388388,0.4918401940731818
0.08618090452261307,0.053784295939348734,0.060051272475143413,0.08514039163883691,0.17717381070740645,0.28752612015120854,0.5225709524847411,0.3130812859155683,0.1802025018388388,0.5190805740526196
0.09070351758793971,0.05432788446567256,0.060693374731887434,0.0862347825353112,0.1780418133874146,0.28881705071532116,0.5249629999959525,0.31463847385325283,0.1802025018388388,0.5463209540320574
0.09522613065326634,0.0548797562572525,0.06134583711356573,0.08735053786033892,0.17892134257331543,0.29012482788564126,0.5273893848982639,0.3162112293459932,0.1802025018388388,0.5735613340114951
0.09974874371859296,0.05544008047826968,0.06200888383709266,0.08848822068415069,0.1798126163087193,0.2914497736379416,0.5298508657796225,0.3177997870150494,0.1802025018388388,0.6008017139909329
0.1042713567839196,0.05600903063374518,0.06268274522180006,0.08964841285992275,0.18071585796526252,0.29279221802478445,0.5323482239596654,0.3194043862201744,0.1802025018388388,0.6280420939703706
0.10879396984924623,0.05658678470390363,0.06336765788995521,0.09083171578507787,0.1816312964020197,0.294152499426137,0.5348822643512154,0.3210252711798483,0.1802025018388388,0.6552824739498084
0.11331658291457286,0.05717352528341385,0.06406386497501262,0.09203875119903371,0.18255916613055923,0.29553096480925306,0.5374538163612884,0.32266269109518897,0.1802025018388388,0.682522853929246
0.1178391959798995,0.05776943972571105,0.06477161633794326,0.09327016201942029,0.18349970748587463,0.29692796999822013,0.5400637348337479,0.3243169002776764,0.1802025018388388,0.7097632339086839
0.12236180904522613,0.0583747202926127,0.06549116879200029,0.09452661321890965,0.18445316680343227,0.2983438799535891,0.5427129010358611,0.325988158280825,0.1802025018388388,0.7370036138881216
0.12688442211055276,0.05898956430945178,0.0662227863363013,0.09580879274494414,0.18541979660258878,0.29977906906252494,0.5454022236911653,0.3276767300359487,0.1802025018388388,0.7642439938675594
0.1314070351758794,0.059614174325961014,0.0669667403986233,0.09711741248478939,0.18639985577664353,0.301233921439938,0.5481326400611927,0.32938288599216714,0.1802025018388388,0.7914843738469972
0.135929648241206,0.060248758283152765,0.06772331008782917,0.09845320927849899,0.1873936097898023,0.3027088312410779,0.5509051170787703,0.33110690226080886,0.1802025018388388,0.8187247538264348
0.14045226130653266,0.060893529686451855,0.06849278245636506,0.09981694598254515,0.18840133088134403,0.30420420298609907,0.5537206525357871,0.33284906076437354,0.1802025018388388,0.8459651338058727
0.1449748743718593,0.061548707785350085,0.06927545277328986,0.10120941258704685,0.18942329827729376,0.30572045189712693,0.5565802763284948,0.33460964939022086,0.1802025018388388,0.8732055137853103
0.14949748743718594,0.062214517759865084,0.07007162480832435,0.10263142738972719,0.19045979840992205,0.30725800424838795,0.5594850517636283,0.3363889621491645,0.1802025018388388,0.9004458937647482
0.15402010050251258,0.06289119091409913,0.07088161112743033,0.104083838229931,0.1915111251454033,0.30881729772998834,0.5624360769288209,0.33818729933915115,0.1802025018388388,0.927686273744186
0.1585427135678392,0.06357896487720968,0.07170573340045883,0.105567523786266,0.19257758001998648,0.3103987818259621,0.5654344861310464,0.34000496771421973,0.1802025018388388,0.9549266537236236
0.1630653266331658,0.06427808381211605,0.07254432272143368,0.10708339494166469,0.19365947248504245,0.31200291820723614,0.5684814514070434,0.3418422806589378,0.1802025018388388,0.9821670337030612
0.16758793969849245,0.06498879863228658,0.07339771994206845,0.10863239621992615,0.19475712016137686,0.3136301811401987,0.5715781841099605,0.34369955836852456,0.1802025018388388,1.009407413682499
0.1721105527638191,0.06571136722696397,0.07426627601914443,0.11021550729807528,0.19587084910321118,0.3152810579115885,0.5747259365767373,0.34557712803487767,0.1802025018388388,1.036647793661937
0.17663316582914573,0.06644605469520726,0.07515035237641365,0.11183374459917511,0.19700099407225724,0.31695604927046334,0.5779260038810483,0.34747532403873116,0.1802025018388388,1.0638881736413748
0.18115577889447237,0.06719313358914734,0.07605032128172504,0.11348816297055503,0.19814789882233275,0.3186556698880455,0.5811797256769698,0.349394488148181,0.1802025018388388,1.0911285536208126
0.18567839195979902,0.06795288416687194,0.07696656624011064,0.11517985745276166,0.19931191639498347,0.3203804488362834,0.5844884881388811,0.35133496972382655,0.1802025018388388,1.1183689336002505
0.1902010050251256,0.0687255946553792,0.07789948240360953,0.1169099651449208,0.2004934094266072,0.3221309300860152,0.587853726003506,0.35329712593078555,0.1802025018388388,1.1456093135796879
0.19472361809045224,0.06951156152406,0.07884947699864842,0.1186796671726012,0.20169275046759394,0.3239076730256659,0.5912769247204102,0.355281321957854,0.1802025018388388,1.1728496935591257
0.19924623115577889,0.07031108976919423,0.07981696977184588,0.12049019076471346,0.20291032231402778,0.32571125300146264,0.5947596227177209,0.35728793124409214,0.1802025018388388,1.2000900735385633
0.20376884422110553,0.07112449320997,0.08080239345515339,0.12234281144645043,0.20414651835252062,0.3275422618802043,0.5983034137903261,0.35931733571313407,0.1802025018388388,1.2273304535180012
0.20829145728643217,0.07195209479656359,0.08180619425129804,0.12423885535578982,0.20540174291877916,0.32940130863567885,0.6019099496183253,0.36136992601552587,0.1802025018388388,1.254570833497439
0.2128140703517588,0.07279422693084378,0.08282883234054822,0.12617970169163795,0.20667641167053724,0.3312890199598848,0.605580942424085,0.3634461017794197,0.1802025018388388,1.2818112134768769
0.2173366834170854,0.07365123180029602,0.08387078240987858,0.12816678530229392,0.20797095197551846,0.3332060409002731,0.6093181677768569,0.3655462718699588,0.1802025018388388,1.3090515934563143
0.22185929648241204,0.07452346172579344,0.08493253420567534,0.13020159942356907,0.2092858033151303,0.3351530355242987,0.6131234675545897,0.36767085465770805,0.1802025018388388,1.3362919734357521
0.22638190954773868,0.07541127952387301,0.086014593111186,0.13228569857660444,0.21062141770462472,0.33713068761263915,0.6169987530732846,0.36982027829649944,0.1802025018388388,1.36353235341519
0.23090452261306532,0.07631505888421504,0.08711748074999034,0.13442070163620162,0.2119782601305048,0.33913970138251953,0.6209460083950339,0.37199498101108197,0.1802025018388388,1.3907727333946276
0.23542713567839196,0.07723518476305744,0.08824173561684104,0.13660829508131422,0.21335680900599246,0.34118080224266073,0.6249672938267276,0.37419541139497925,0.1802025018388388,1.4180131133740654
0.2399497487437186,0.07817205379331976,0.08938791373730426,0.13885023644026184,0.21475755664542212,0.34325473758145864,0.6290647496223445,0.37642202871898234,0.1802025018388388,1.4452534933535033
0.24447236180904525,0.07912607471225197,0.09055658935771299,0.14114835794421476,0.21618100975846677,0.3453622775900923,0.6332405999027473,0.3786753032507222,0.1802025018388388,1.4724938733329411
0.24899497487437183,0.08009766880746988,0.09174835566703793,0.1435045704035759,0.2176276899651568,0.3475042161223615,0.6374971568079969,0.3809557165857884,0.1802025018388388,1.4997342533123785
0.2535175879396985,0.08108727038228633,0.09296382555237565,0.14592086732306353,0.21909813433270187,0.34968137159315643,0.641836824898399,0.3832637619908858,0.1802025018388388,1.5269746332918164
0.2580402010050251,0.08209532724129763,0.09420363238985649,0.1483993292725742,0.22059289593518283,0.35189458791757655,0.6462621058217882,0.38559994475954007,0.1802025018388388,1.5542150132712542
0.26256281407035176,0.08312230119723955,0.09546843087288562,0.15094212853230832,0.22211254443724,0.3541447354928362,0.6507756032659834,0.3879647825808933,0.1802025018388388,1.581455393250692
0.2670854271356784,0.0841686686001849,0.09675889787974518,0.1535515340321666,0.2236576667029479,0.3564327122252208,0.6553800282168918,0.39035880592215344,0.1802025018388388,1.6086957732301297
0.27160804020100504,0.08523492089021438,0.09807573338271416,0.15622991660709334,0.22522886743113124,0.3587594446044976,0.6600782045444341,0.3927825584252921,0.1802025018388388,1.6359361532095675
0.2761306532663316,0.08632156517475911,0.09941966140099123,0.1589797545918732,0.226826769818451,0.3611258888283247,0.664873074940314,0.3952365973186122,0.1802025018388388,1.6631765331890052
0.28065326633165827,0.08742912483188187,0.1007914309998556,0.16180363978088796,0.22845201625166345,0.3635330319793685,0.6697677072336876,0.3977214938438428,0.1802025018388388,1.6904169131684428
0.2851758793969849,0.08855814014083639,0.1021918173386461,0.1647042837805328,0.2301052690305352,0.36598189325799335,0.6747653011130011,0.4002378336994453,0.1802025018388388,1.7176572931478806
0.28969849246231155,0.08970916894132563,0.10362162277031028,0.1676845247844021,0.23178721112298512,0.36847352527357896,0.6798691952847133,0.40278621750085675,0.1802025018388388,1.7448976731273185
0.2942211055276382,0.09088278732295958,0.1050816779954439,0.17074733480399334,0.23349854695411293,0.37100901539770026,0.6850828751022799,0.40536726125842715,0.1802025018388388,1.7721380531067563
0.29874371859296484,0.09207959034650584,0.10657284327393474,0.1738958273905904,0.23524000323087274,0.37358948718261825,0.6904099807017313,0.40798159687385227,0.1802025018388388,1.7993784330861942
0.3032663316582914,0.0933001927986186,0.1080960096975214,0.17713326588717865,0.2370123298042538,0.37621610184874144,0.6958543156833926,0.41062987265594,0.1802025018388388,1.8266188130656316
0.30778894472361806,0.09454522998183532,0.10965210052679925,0.18046307225277425,0.2388163005709405,0.37889005984495927,0.7014198563828682,0.41331275385659594,0.1802025018388388,1.8538591930450694
0.3123115577889447,0.09581535854173533,0.11124207259643012,0.18388883650542237,0.24065271441654096,0.3816126024859911,0.7071107617783182,0.41603092322795826,0.1802025018388388,1.881099573024507
0.31683417085427135,0.09711125733327458,0.1128669177925713,0.18741432683442083,0.24252239620260208,0.38438501367117595,0.712931384085404,0.41878508160166306,0.1802025018388388,1.9083399530039449
0.321356783919598,0.09843362832842921,0.11452766460679595,0.19104350043704316,0.24442619779975827,0.38720862168940373,0.7188862800960326,0.42157594849127056,0.1802025018388388,1.9355803329833827
0.3258793969849246,0.09978319756741683,0.11622537977107406,0.1947805151402905,0.24636499916951077,0.39008480111521165,0.7249802233223396,0.42440426271894216,0.1802025018388388,1.9628207129628201
0.3304020100502512,0.10116071615590148,0.11796116997868586,0.19862974187398547,0.248339709497281,0.3930149748013946,0.7312182170131768,0.42727078306751276,0.1802025018388388,1.990061092942258
0.33492462311557786,0.10256696131074272,0.11973618369627503,0.20259577806796436,0.25035126837955074,0.39600061597384073,0.7376055081168696,0.4301762889591696,0.1802025018388388,2.017301472921696
0.3394472361809045,0.10400273745700649,0.1215516130726065,0.20668346205324678,0.2524006470680727,0.39904325043468863,0.7441476022711849,0.43312158116200894,0.1802025018388388,2.044541852901134
0.34396984924623114,0.10546887737913269,0.12340869594997939,0.21089788855500036,0.2544888497743267,0.402144458880317,0.7508502799094495,0.4361074825258222,0.1802025018388388,2.0717822328805715
0.3484924623115578,0.10696624342933451,0.12530871798466056,0.21524442537392713,0.25661691503759126,0.4053058793411238,0.7577196135806274,0.43913483874852355,0.1802025018388388,2.099022612860009
0.3530150753768844,0.10849572879650714,0.12725301488315363,0.21972873136253407,0.2587859171602229,0.40852920975053486,0.7647619865910704,0.44220451917472686,0.1802025018388388,2.126262992839447
0.357537688442211,0.11005825883913237,0.12924297476159996,0.22435677581369118,0.260996967713957,0.41181621065119883,0.7719841130866628,0.4453174176280492,0.1802025018388388,2.153503372818885
0.36206030150753765,0.11165479248589545,0.13128004063613233,0.2291348593911285,0.2632512171212971,0.4151687080468853,0.7793930597064084,0.4484744532788191,0.1802025018388388,2.1807437527983224
0.3665829145728643,0.11328632370797584,0.13336571305256384,0.23406963674519754,0.265549856316323,0.4185885964092078,0.7869962689522594,0.45167657154895746,0.1802025018388388,2.20798413277776
0.37110552763819094,0.11495388306723249,0.13550155286440527,0.23916814097253775,0.2678941184895263,0.42207784184894265,0.7948015844353864,0.45492474505590164,0.1802025018388388,2.235224512757198
0.3756281407035176,0.11665853934479106,0.13768918416886244,0.24443781009547483,0.2702852809215958,0.42563848546242167,0.8028172781763672,0.45821997459755404,0.1802025018388388,2.2624648927366358
0.3801507537688442,0.11840140125483944,0.13993029741117896,0.24988651575625476,0.27272466691139324,0.4292726468642362,0.8110520801561432,0.46156329018034936,0.1802025018388388,2.289705272716074
0.3846733668341708,0.12018361924876696,0.14222665266846243,0.25552259434291685,0.2752136478037186,0.4329825279183154,0.8195152103363966,0.46495575209265894,0.1802025018388388,2.316945652695511
0.38919597989949745,0.12200638741513123,0.14458008312496734,0.2613548807880314,0.2777536451228379,0.43677041668033034,0.8282164133925313,0.46839845202588315,0.1802025018388388,2.3441860326749486
0.3937185929648241,0.12387094548131544,0.14699249875171855,0.2673927453090893,0.28034613281815474,0.44063869156534685,0.8371659964301198,0.4718925142457199,0.1802025018388388,2.3714264126543867
0.39824120603015073,0.12577858092314473,0.14946589020434103,0.2736461333904632,0.28299263962884474,0.4445898257556908,0.8463748699869366,0.4754390968162513,0.1802025018388388,2.3986667926338243
0.40276381909547737,0.12773063118916955,0.15200233295403284,0.280125609342096,0.2856947515747438,0.448626391865131,0.8558545926580662,0.4790393928796475,0.1802025018388388,2.4259071726132624
0.407286432160804,0.12972848604679402,0.154603991667778,0.2868424038100099,0.2884541145812867,0.45275106687671307,0.865617419721654,0.48269463199445606,0.1802025018388388,2.4531475525927
0.41180904522613065,0.13177359005794131,0.1572731248551628,0.2938084656590951,0.2912724372468463,0.4569666373729225,0.8756763561883883,0.48640608153563514,0.1802025018388388,2.4803879325721376
0.41633165829145724,0.13386744519249336,0.16001208980052795,0.3010365187002203,0.29415149376140637,0.46127600507830363,0.8860452147495456,0.49017504815967355,0.1802025018388388,2.5076283125515753
0.4208542713567839,0.1360116135883409,0.16282334780069194,0.30854012379252665,0.2970931269861471,0.465682192736254,0.8967386791574247,0.49400287933836085,0.1802025018388388,2.534868692531013
0.4253768844221105,0.13820772046751967,0.16570946973010578,0.31633374691889965,0.300099251704206,0.4701883503434281,0.9077723736393182,0.49789096496498547,0.1802025018388388,2.562109072510451
0.42989949748743717,0.14045745721860503,0.16867314195708258,0.32443283390944083,0.30317185805362484,0.4747977617670719,0.9191629390231933,0.5018407390369862,0.1802025018388388,2.5893494524898886
0.4344221105527638,0.14276258465628863,0.17171717263668396,0.33285389257581877,0.30631301515429765,0.47951385177265166,0.9309281163415281,0.5058536814193344,0.1802025018388388,2.6165898324693266
0.43894472361809045,0.1451249364698749,0.17484449840796476,0.3416145831205451,0.3095248749416065,0.48434019349137764,0.9430868387811447,0.5099313196932027,0.1802025018388388,2.6438302124487643
0.44346733668341703,0.14754642287331615,0.1780581915255954,0.35073381780167207,0.3128096762203748,0.4892805163596624,0.95565933296358,0.5140752310947727,0.1802025018388388,2.671070592428202
0.4479899497487437,0.15002903447036647,0.18136146745841883,0.36023187096777837,0.3161697489537954,0.4943387145652263,0.9686672306751672,0.5182870445493499,0.1802025018388388,2.6983109724076395
0.4525125628140703,0.15257484634946425,0.18475769299026684,0.3701305007334713,0.3196075188030905,0.49951885603746904,0.9821336923216496,0.5225684428062972,0.1802025018388388,2.7255513523870776
0.45703517587939696,0.15518602242408866,0.18825039486141226,0.38045308374573594,0.3231255119348753,0.5048251920229352,0.9960835435625558,0.5269211646806671,0.1802025018388388,2.752791732366515
0.4615577889447236,0.15786482003555297,0.1918432689923598,0.3912247647006933,0.3267263601144929,0.5102621672901894,1.0105434267901263,0.5313470074078028,0.1802025018388388,2.780032112345953
0.46608040201005024,0.16061359483653148,0.19554019033534428,0.40247262251408483,0.3304128061050146,0.5158344310122602,1.0255419693616905,0.5358478291176101,0.1802025018388388,2.807272492325391
0.47060301507537683,0.1634348059750646,0.1993452234029283,0.4142258553334441,0.3341877093931401,0.5215468483790289,1.0411099707794191,0.5404255514356534,0.1802025018388388,2.834512872304828
0.47512562814070347,0.16633102160036123,0.20326263352751062,0.42651598691325465,0.3380540522649105,0.5274045129965588,1.0572806113451247,0.5450821622187275,0.1802025018388388,2.861753252284266
0.4796482412060301,0.16930492471343767,0.20729689891043312,0.4393770972658293,0.34201494625597834,0.5334127601354641,1.074089685209665,0.5498197184330863,0.1802025018388388,2.8889936322637038
0.48417085427135675,0.1723593193875012,0.21145272352472796,0.45284608096161466,0.3460736390031661,0.5395771808960075,1.0915758611979476,0.5546403491840828,0.1802025018388388,2.916234012243142
0.4886934673366834,0.17549713738503364,0.2157350509414758,0.46696293699716557,0.35023352152622206,0.5459036373638023,1.1097809753355925,0.5595462589065956,0.1802025018388388,2.9434743922225794
0.49321608040201004,0.17872144520075856,0.22014907915626444,0.4817710947942329,0.35449813597104946,0.5523982788367959,1.1287503596490698,0.5645397307262874,0.1802025018388388,2.970714772202017
0.4977386934673367,0.18203545156211542,0.22470027649946298,0.4973177816604098,0.35887118384827604,0.5590675592117339,1.1485332125787255,0.5696231300024621,0.1802025018388388,2.997955152181455
0.5022613065326633,0.18544251542152934,0.22939439872200304,0.5136544379566037,0.36335653480385816,0.5659182556266104,1.169183017259592,0.5747989080640694,0.1802025018388388,3.0251955321608928
0.50678391959799,0.1889461544776876,0.2342375073572027,0.530837187311614,0.3679582359615143,0.5729574884648057,1.1907580150205939,0.5800696061512591,0.1802025018388388,3.052435912140331
0.5113065326633166,0.19255005426622723,0.23923598946896296,0.5489273705394839,0.3726805218801656,0.5801927428367893,1.2133217427689105,0.5854378595757952,0.1802025018388388,3.0796762921197685
0.5158291457286432,0.19625807786374921,0.24439657890754427,0.56799215350154,0.3775278251732814,0.5876318916665583,1.2369436445133417,0.5909064021146455,0.1802025018388388,3.106916672099206
0.5203517587939699,0.20007427625291857,0.24972637920620536,0.5881052210753612,0.382504787841094,0.5952832205225058,1.261699769201736,0.596478070652133,0.1802025018388388,3.134157052078644
0.5248743718592965,0.20400289940063954,0.2552328882654291,0.609347571727453,0.3876162733711235,0.6031554543463467,1.2876735693830619,0.602155810087214,0.1802025018388388,3.1613974320580818
0.5293969849246231,0.20804840810593717,0.26092402498641376,0.6318084300366242,0.3928673796673592,0.6112577862492075,1.3149568180559854,0.6079426785237168,0.1802025018388388,3.188637812037519
0.5339195979899497,0.2122154866792925,0.26680815803219277,0.6555862980107915,0.39826345287384873,0.6195999085612549,1.3436506645626896,0.613841852762761,0.1802025018388388,3.215878192016957
0.5384422110552763,0.2165090565208044,0.27289413691336345,0.6807901703475067,0.4038101021643864,0.6281920463404771,1.3738668546955077,0.6198566341180847,0.1802025018388388,3.2431185719963946
0.542964824120603,0.22093429067076228,0.2791913256162121,0.7075409441229913,0.40951321557654485,0.6370449935677269,1.4057291455197947,0.6259904545766475,0.1802025018388388,3.2703589519758323
0.5474874371859296,0.22549662941305795,0.2857096390143094,0.7359730600349571,0.4153789769755104,0.646170152279164,1.43937495205844,0.6322468833286629,0.1802025018388388,3.2975993319552703
0.5520100502512563,0.2302017970194305,0.292459582330744,0.7662364206361378,0.4214138842411552,0.6555795749141431,1.4749572712967098,0.6386296336931698,0.1802025018388388,3.3248397119347075
0.5565326633165829,0.2350558197309032,0.2994522939474374,0.7984986414586398,0.4276247687805879,0.6652860101867565,1.5126469394310518,0.6451425704673778,0.1802025018388388,3.3520800919141456
0.5610552763819096,0.24006504508202312,0.30669959189087986,0.8329477041808359,0.43401881647816043,0.6753029528231042,1.5526352915390582,0.6517897177303502,0.1802025018388388,3.379320471893583
0.5655778894472362,0.2452361626837732,0.3142140243606401,0.8697950978791412,0.44060359020569934,0.685644697544442,1.5951373097405188,0.6585752671341365,0.1802025018388388,3.4065608518730213
0.5701005025125628,0.2505762265923953,0.3220089247087052,0.9092795560813266,0.447387054027678,0.6963263977192201,1.6403953675961302,0.6655035867182477,0.1802025018388388,3.433801231852459
0.5746231155778895,0.2560926794039965,0.33009847132477843,0.9516715253499888,0.4543775992493166,0.7073641291553683,1.6886837065049423,0.6725792302864275,0.1802025018388388,3.4610416118318965
0.5791457286432161,0.2617933782288395,0.33849775293584594,0.9972785376016624,0.4615840724703233,0.7187749595587631,1.7403138163412706,0.6798069473880132,0.1802025018388388,3.4882819918113346
0.5836683417085428,0.2676866227148446,0.34722283988854075,1.0464517062492904,0.4690158058233803,0.7305770242455618,1.7956409404571063,0.6871916939498625,0.1802025018388388,3.515522371790772
0.5881909547738694,0.27378118530722717,0.35629086205109745,1.099593629647099,0.47668264959472073,0.7427896087660343,1.8550719885707463,0.6947386436088603,0.1802025018388388,3.5427627517702103
0.592713567839196,0.28008634395060433,0.36572009404921413,1.157168070006135,0.48459500744447254,0.7554332391769002,1.919075225755281,0.7024531997994585,0.1802025018388388,3.570003131749648
0.5972361809045227,0.2866119174615839,0.37553004863832934,1.219711890193219,0.49276387446714764,0.7685297807894065,1.988192219989147,0.710341008655597,0.1802025018388388,3.597243511729086
0.6017587939698492,0.29336830382407814,0.3857415791153198,1.2878498865463721,0.5012008783580068,0.7821025463231268,2.06305268645576,0.7184079727917487,0.1802025018388388,3.6244838917085227
0.6062814070351759,0.30036652168672506,0.3963769917873444,1.3623133704673853,0.5099183239794087,0.7961764145126614,2.1443930814117933,0.7266602660337727,0.1802025018388388,3.6517242716879608
0.6108040201005025,0.30761825537221,0.40746016964676685,1.4439636509301348,0.5189292416530322,0.8107779603483609,2.233080097827097,0.7351043491768376,0.1802025018388388,3.6789646516673984
0.6153266331658291,0.31513590374243244,0.4190167085514346,1.533821993057683,0.5282474395395271,0.8259355982855736,2.330140638019735,0.7437469868549456,0.1802025018388388,3.7062050316468365
0.6198492462311558,0.32293263330182603,0.4310740673821821,1.6331082340272751,0.5378875605071864,0.8416797399328526,2.43680044462239,0.7525952656146211,0.1802025018388388,3.733445411626274
0.6243718592964824,0.3310224359643523,0.4436617338479932,1.7432911192542027,0.5478651439363046,0.8580429679318474,2.554534452915685,0.7616566132942622,0.1802025018388388,3.7606857916057117
0.6288944723618091,0.3394201919583615,0.4568114078381196,1.8661547257080402,0.5581966929566194,0.8750602279745852,2.685133231474745,0.7709388198205294,0.1802025018388388,3.7879261715851498
0.6334170854271357,0.3481417383984912,0.47055720448487515,2.003887302587361,0.5688997476725045,0.8927690411728514,2.830791841457087,0.7804500595441549,0.1802025018388388,3.8151665515645874
0.6379396984924623,0.3572039441158972,0.4849358794069082,2.1592018750687796,0.5799929649952474,0.9112097393055584,2.9942304603598537,0.7901989152497724,0.1802025018388388,3.8424069315440255
0.642462311557789,0.36662479140846993,0.49998707895795774,2.335502690538038,0.5914962057749507,0.9304257258308688,3.178860849777634,0.8001944039879985,0.1802025018388388,3.869647311523463
0.6469849246231156,0.37642346545247085,0.5157536187191953,2.537119199896083,0.6034306300075316,0.9504637659692665,3.389020359889999,0.8104460048931827,0.1802025018388388,3.8968876915029007
0.6515075376884423,0.3866204522076354,0.5322817939548827,2.7696418464586565,0.6158188009864521,0.9713743096524659,3.6303077433475965,0.8209636891672113,0.1802025018388388,3.9241280714823388
0.6560301507537689,0.3972376457509019,0.54962172631399,3.0404153632076243,0.628684799375867,0.9932118517038697,3.9100764794811576,0.8317579524287232,0.1802025018388388,3.9513684514617764
0.6605527638190954,0.4082984660914132,0.5678277517200394,3.3592830570064542,0.6420543483038006,1.016035334284764,4.238179087629677,0.8428398496483506,0.1802025018388388,3.9786088314412136
0.6650753768844221,0.4198279886535876,0.5869588551664329,3.7397448303922562,0.6559549507130727,1.0399085974253528,4.62812518040387,0.8542210329144198,0.1802025018388388,4.005849211420652
0.6695979899497487,0.43185308676846884,0.6070791590476016,4.200824608593698,0.6704160403666833,1.0649008843839802,5.098948924760229,0.8659137923003207,0.1802025018388388,4.033089591400089
0.6741206030150754,0.444402588689357,0.62825847273517,4.770211760465264,0.6854691480864352,1.091087409669276,5.67835049982725,0.8779311001348664,0.1802025018388388,4.060329971379527
0.678643216080402,0.4575074508495063,0.6505729123867736,5.489820486482247,0.7011480850124217,1.118549998852554,6.408255524907583,0.8902866590108849,0.1802025018388388,4.087570351358965
0.6831658291457287,0.4712009493117878,0.6741056014949172,6.426257844795967,0.7174891449110956,1.1473778108334824,7.355283128966872,0.9029949539055685,0.1802025018388388,4.114810731338403
0.6876884422110553,0.485518891627708,0.6989474644954976,7.692129023746308,0.7345313278361436,1.1776681550523185,8.632051270353724,0.9160713088293821,0.1802025018388388,4.142051111317841
0.6922110552763819,0.5004998516320955,0.7251981279238978,9.49399826330816,0.752316587765519,1.2095274183306945,10.445137709615528,0.9295319484693241,0.1802025018388388,4.169291491297279
0.6967336683417086,0.5161854300572977,0.7529669462097773,12.256163093775328,0.7708901072070923,1.2430721186493163,13.21885430414818,0.9433940653479056,0.1802025018388388,4.196531871276716
0.7012562814070352,0.5326205442653907,0.7823741723382625,17.010063950574004,0.7903006021931961,1.2784301063338228,17.984656684058898,0.9576758930823567,0.1802025018388388,4.223772251256154
0.7057788944723619,0.5498537508789504,0.8135522973986737,27.084805110547503,0.8106006615813576,1.3157419369434378,28.071665255130803,0.9723967864004457,0.1802025018388388,4.251012631235592
0.7103015075376885,0.567937605652566,0.8466475876476052,62.54442538562266,0.8318471251572297,1.3551624447968822,63.54393596541499,0.9875773086512767,0.1802025018388388,4.27825301121503
0.7148241206030151,0.5869290655832546,0.8818218533277704,,0.8541015057112155,1.3968625517236417,,1.003239327643103,0.1802025018388388,4.305493391194467
0.7193467336683417,0.606889939025948,0.9192544903576887,,0.8774304610506515,1.4410313525470453,,1.0194061207474678,0.1802025018388388,4.3327337711739045
0.7238693467336683,0.6278873904817537,0.9591448444597009,,0.9019063228365781,1.4878785273092996,,1.0361024903320488,0.1802025018388388,4.3599741511533425
0.728391959798995,0.6499945077876668,1.0017149577358517,,0.9276076902245868,1.5376371407496414,,1.053354890726107,0.1802025018388388,4.38721453113278
0.7329145728643216,0.673290940688539,1.0472127706641987,,0.9546200975753394,1.5905669025777491,,1.071191568085533,0.1802025018388388,4.414454911112218
0.7374371859296482,0.6978636212538669,1.095915868662705,,0.983036767021357,1.646957978337635,,1.0896427147128438,0.1802025018388388,4.441695291091656
0.7419597989949749,0.7238075783606914,1.148135882658218,,1.012959458480833,1.707135461038451,,1.1087406396055712,0.1802025018388388,4.468935671071093
0.7464824120603015,0.751226860557596,1.204223678694813,,1.0444994318556573,1.7714646394308855,,1.1285199572595856,0.1802025018388388,4.496176051050531
0.7510050251256282,0.7802355841250892,1.2645755040986844,,1.0777785387124779,1.8403572314134116,,1.149017797048357,0.1802025018388388,4.523416431029969
0.7555276381909548,0.81095912614321,1.3296402991964338,,1.112930463812748,1.9142787926754596,,1.1702740358426742,0.1802025018388388,4.550656811009407
0.7600502512562815,0.8435354859781709,1.3999284369022114,,1.150102140542379,1.9937575641705776,,1.192331556937091,0.1802025018388388,4.577897190988844
0.7645728643216081,0.8781168429437476,1.4760222215051697,,1.1894553687336913,2.079395091225007,,1.2152365388206212,0.1802025018388388,4.6051375709682825
0.7690954773869347,0.9148713431522828,1.5585885679856548,,1.2311686687469896,2.1718790373150183,,1.2390387778834844,0.1802025018388388,4.6323779509477205
0.7736180904522614,0.9539851549614382,1.6483944014678698,,1.2754394122066035,2.2719987340981502,,1.2637920498056852,0.1802025018388388,4.659618330927158
0.7781407035175879,0.9956648402205086,1.746325473166702,,1.322486277745143,2.3806641663559205,,1.2895545151471368,0.1802025018388388,4.686858710906595
0.7826633165829145,1.0401400980726396,1.8534094987712413,,1.3725520898536923,2.4989293004732964,,1.3163891755779442,0.1802025018388388,4.714099090886033
0.7871859296482412,1.087666949821536,1.9708448081029462,,1.4259071109159502,2.6280209484317245,,1.34436438828208,0.1802025018388388,4.741339470865471
0.7917085427135678,1.1385314478942843,2.1000360806255767,,1.4828528712999867,2.7693747455769313,,1.3735544473762626,0.1802025018388388,4.768579850844908
0.7962311557788945,1.193054009962428,2.242639273102638,,1.543726640738859,2.9246803527954497,,1.4040402427557606,0.1802025018388388,4.795820230824346
0.8007537688442211,1.2515945017776353,2.4006185872584656,,1.608906667119431,3.0959387360820068,,1.4359100086695102,0.1802025018388388,4.823060610803784
0.8052763819095478,1.3145582204840771,2.576319372632332,,1.6788183374807253,3.285535424765578,,1.4692601766128024,0.1802025018388388,4.850300990783222
0.8097989949748744,1.3824029657262076,2.772562359306747,,1.7539414521578596,3.496335150310001,,1.5041963499008215,0.1802025018388388,4.87754137076266
0.814321608040201,1.4556474309447092,2.9927667940457034,,1.834818848786548,3.731805447869331,,1.5408344206697187,0.1802025018388388,4.904781750742098
0.8188442211055277,1.5348812047287264,3.2411132708127486,,1.92206667122176,3.9961800219387658,,1.5793018541954538,0.1802025018388388,4.932022130721536
0.8233668341708543,1.6207767458347586,3.522761882138548,,2.0163866532285506,4.294677515066081,,1.6197391705190927,0.1802025018388388,4.959262510700973
0.827889447236181,1.714103790712205,3.8441487270392387,,2.118580883346065,4.633798730446908,,1.6623016596714195,0.1802025018388388,4.986502890680411
0.8324120603015075,1.81574677619918,4.213395408895529,,2.229569642781717,5.021736960200553,,1.7071613746250698,0.1802025018388388,5.013743270659848
0.8369346733668341,1.9267260222247748,4.64088474539262,,2.3504130724049146,5.468954663892849,,1.7545094558935617,0.1802025018388388,5.040983650639286
0.8414572864321608,2.0482236333843753,5.140086503397495,,2.4823376415036607,5.9890103377760155,,1.8045588540014608,0.1802025018388388,5.068224030618723
0.8459798994974874,2.1816153630262947,5.728768828591557,,2.6267686789800098,6.599771278638936,,1.8575475316067238,0.1802025018388388,5.0954644105981615
0.8505025125628141,2.3285100656587296,6.430821945077165,,2.7853706139545036,7.325238859808662,,1.9137422468486078,0.1802025018388388,5.1227047905775995
0.8550251256281407,2.490798881088781,7.279086275471164,,2.960097095633571,8.198378522700693,,1.973443044843885,0.1802025018388388,5.149945170557038
0.8595477386934673,2.6707170016115804,8.319892314727538,,3.1532538770117635,9.265661883667853,,2.0369886169497704,0.1802025018388388,5.177185550536475
0.864070351758794,2.870921851896604,9.620651243340612,,3.3675783341610415,10.594660026009437,,2.104762729898192,0.1802025018388388,5.204425930515913
0.8685929648241206,3.094592878459495,11.283180608745319,,3.606340871693566,12.28737241335341,,2.1772019825524325,0.1802025018388388,5.231666310495351
0.8731155778894473,3.345560079416856,13.468532695462557,,3.8734754141055245,14.505059182979842,,2.2548052215344994,0.1802025018388388,5.258906690474788
0.8776381909547739,3.628471175923213,16.446826369103988,,4.173748973816716,17.518077783030943,,2.338145044917704,0.1802025018388388,5.286147070454226
0.8821608040201006,3.949011352209711,20.707324579742373,,4.512984339694773,21.815966372852447,,2.4278819549571904,0.1802025018388388,5.313387450433664
0.8866834170854272,4.314195428818142,27.235044887684268,,4.898355904842205,28.384061657872344,,2.5247818999443954,0.1802025018388388,5.340627830413101
0.8912060301507537,4.732761236840045,38.346606051788456,,5.338787606916744,39.5393546100818,,2.6297381913970472,0.1802025018388388,5.367868210392539
0.8957286432160804,5.215706552522121,61.073638634352044,,5.845495617099396,62.31391258164654,,2.7437991249998106,0.1802025018388388,5.395108590371977
0.900251256281407,5.777033112579026,131.49855105135333,,6.432739675188415,132.79065999471206,,2.8682031155539587,0.1802025018388388,5.422348970351415
0.9047738693467337,6.43479489866751,,1631.9781440102308,7.1188807797025655,,1634.6583600361446,3.004423843997155,0.1802025018388388,5.449589350330853
0.9092964824120603,7.2126027495127065,,48.007608937941356,7.927898019508951,,50.812662519700005,3.154228911010863,0.1802025018388388,5.47682973031029
0.9138190954773869,8.141829210044326,,23.819431452066123,8.891609490000603,,26.762425073664897,3.3197569588190134,0.1802025018388388,5.504070110289728
0.9183417085427136,9.264915975521271,,15.607867982383713,10.05300114346392,,18.70408115592798,3.503620421153605,0.1802025018388388,5.531310490269166
0.9228643216080402,10.640469080904133,,11.481953970600737,11.471350915228951,,14.749353809673684,3.70904441978802,0.1802025018388388,5.558550870248603
0.9273869346733669,12.351351691517332,,9.004843156760735,13.230361264853242,,12.464753951878043,3.9400575670412534,0.1802025018388388,5.585791250228041
0.9319095477386935,14.518002547410243,,7.355930438868464,15.451533212541003,,11.033925601165178,4.20175880765654,0.1802025018388388,5.613031630207479
0.9364321608040201,17.32129019163393,,6.181488412362131,18.317099890475014,,10.108599709500142,4.500698169466096,0.1802025018388388,5.640272010186917
0.9409547738693468,21.04374367986415,,5.303994209599913,22.11137303034565,,9.518384113299591,4.845432497340097,0.1802025018388388,5.667512390166355
0.9454773869346734,26.148627928943547,,4.624572505262309,27.299991711982766,,9.17390013919287,5.247357773617157,0.1802025018388388,5.694752770145793
0.95,33.4436889370641,,4.0837917603200085,34.69393509020917,,9.028648874673964,5.72199315012523,0.1802025018388388,5.72199315012523
