B_UH_MHz,B_HG_MHz,P_weighted_delay,rho_U,rho_H,rho_gap_abs,T1_E2E_s,T2_E2E_s,T3_E2E_s,is_grid_dense_optimal
0.3548743718592965,1.6451256281407036,92.62754539507347,0.9919464044446022,0.10953722849877487,0.8824091759458274,0.7482709854804369,1.2305687312152835,87.92159497620159,False
0.3647236180904523,1.635276381909548,24.171387851174778,0.96515920476547,0.11019696965745468,0.8549622351080153,0.7145069234599499,1.1678357988701034,19.69219548305472,False
0.374572864321608,1.6254271356783918,15.334832441368768,0.9397807228585702,0.11086470619529128,0.8289160166632789,0.6833454503078646,1.1108544740839963,11.063087142277181,False
0.3844221105527639,1.6155778894472361,11.770198907105646,0.9157026808088603,0.11154058434192507,0.8041620964669353,0.6545210522699867,1.058914236985984,7.688807276323718,False
0.3942713567839196,1.6057286432160804,9.800014462735419,0.8928276202125645,0.11222475391478032,0.7806028662977842,0.6278016820046072,1.011413616423519,5.89378218387456,False
0.40412060301507535,1.5958793969849245,8.526376053717886,0.8710675837090005,0.11291736842977806,0.7581502152792224,0.602983792773708,0.9678404382804704,4.781743798835821,False
0.41396984924623115,1.5860301507537689,7.621642389815893,0.8503429847278199,0.11361858521617424,0.7367243995116457,0.5798882147036637,0.9277561636207383,4.026465418463426,False
0.42381909547738694,1.5761809045226132,6.937418684507895,0.8305816348337423,0.114328565535704,0.7162530692980382,0.5583567133987134,0.8907833700726491,3.480781804166457,False
0.43366834170854274,1.5663316582914573,6.396521492133437,0.8117179036138796,0.11504747470622044,0.6966704289076592,0.5382491045393183,0.8565956707282841,3.068582837058914,False
0.4435175879396985,1.5564824120603016,5.954705695118127,0.7936919905039408,0.11577548223002812,0.6779165082739127,0.5194408238751086,0.8249095391691259,2.746564145154549,False
0.4533668341708543,1.546633165829146,5.584699335661526,0.7764492915304568,0.11651276192711973,0.659936529603337,0.5018208720791215,0.7954776367854928,2.488281445853175,False
0.46321608040201007,1.53678391959799,5.268716754544918,0.7599398468418075,0.11725949207353642,0.6426803547682711,0.4852900696340338,0.7680833328299903,2.2766798799828356,False
0.4730653266331658,1.526934673366834,4.994622209702193,0.744117857253854,0.11801585554508298,0.6261020017087711,0.46975956929024104,0.742536177979202,2.1002711458730654,False
0.48291457286432166,1.5170854271356784,4.753822037943069,0.7289412599571052,0.11878203996664097,0.6101592199904643,0.4551495834335508,0.7186681451179989,1.9510369974064183,False
0.4927638190954774,1.5072361809045225,4.5400392200928,0.7143713551078708,0.11955823786733652,0.5948131172405342,0.44138829150350545,0.6963304912414215,1.8232133630994405,False
0.5026130653266332,1.4973869346733668,4.3485668104158,0.7003724763235134,0.12034464684183137,0.5800278294816821,0.42841089885015776,0.6753911251051385,1.7125518636550499,False
0.512462311557789,1.4875376884422111,4.17579478641267,0.6869116991751109,0.12114146971802214,0.5657702294570888,0.4161588234426912,0.655732388941408,1.6158535382017802,False
0.5223115577889448,1.4776884422110552,4.018899872708259,0.6739585826618992,0.12194891473144567,0.5520096679304536,0.4045789909054472,0.6372491809383422,1.5306645381152335,False
0.5321608040201005,1.4678391959798995,3.8756361569367237,0.6614849393945026,0.1227671957067063,0.5387177436877963,0.393623221655263,0.6198473595389915,1.4550717728929516,False
0.5420100502512564,1.4579899497487439,3.7441900702768045,0.6494646308351365,0.12359653224625666,0.5258680985888798,0.38324769660377533,0.6034423819040432,1.3875622166573927,False
0.551859296482412,1.448140703517588,3.6230776425293407,0.6378733844643765,0.1244371499268822,0.5134362345374943,0.37341249009092664,0.5879581378078015,1.3269238966409578,False
0.5617085427135678,1.4382914572864323,3.511070222838642,0.6266886301831975,0.12528928050425864,0.5013993496789388,0.36408116052677325,0.5733259473357076,1.2721748465869067,False
0.5715577889447236,1.4284422110552764,3.407139798274968,0.6158893536300142,0.12615316212597238,0.4897361915040418,0.3552203907132091,0.5594836964276003,1.2225112332801402,False
0.5814070351758793,1.4185929648241205,3.310418076923148,0.6054559644068956,0.12702903955341452,0.47842692485348115,0.34679967105521303,0.5463750888727144,1.1772688860120801,False
0.5912562814070352,1.4087437185929648,3.2201654142935463,0.595370177476439,0.12791716439298323,0.4674530130834558,0.33879101990036203,0.5339489970468192,1.1358943604988219,False
0.601105527638191,1.398894472361809,3.1357468951404868,0.5856149062186742,0.12881779533705334,0.45679711088162084,0.33116873610380804,0.5221588966716747,1.097922893485713,False
0.6109547738693467,1.3890452261306532,3.0566136950738834,0.5761741658321913,0.1297311984151976,0.4464429674169937,0.32390917963434,0.5109623733139598,1.0629614095429438,False
0.6208040201005025,1.3791959798994975,2.982288391711334,0.567032985930693,0.1306576472561718,0.43637533867452116,0.3169905766403158,0.5003206903358254,1.0306752811187356,False
0.6306532663316583,1.3693467336683418,2.912353267723745,0.5581773313297036,0.131597423361207,0.4265799079684966,0.3103928459021913,0.4901984096491083,1.000777910718954,False
0.6405025125628141,1.359497487437186,2.846440906825025,0.5495940301418313,0.13255081638918056,0.41704321375265074,0.3040974440273928,0.48056305797856436,0.9730224587857182,False
0.6503517587939699,1.3496482412060302,2.7842265660480185,0.5412707084057937,0.133518124454274,0.4077525839515197,0.2980872271066826,0.4713848324605869,0.9471952198067968,False
0.6602010050251257,1.3397989949748745,2.7254219378728957,0.5331957305668885,0.13449965443675982,0.3986960761301287,0.2923463268598423,0.46263634033597756,0.9231102766214139,False
0.6700502512562814,1.3299497487437184,2.669770009993001,0.5253581452068232,0.1354957223075981,0.3898624228992251,0.2868600395613794,0.45429236827304054,0.9006051547627814,False
0.6798994974874372,1.3201005025125627,2.6170407994830973,0.5177476354905973,0.1365066534675634,0.3812409820230339,0.2816147262614513,0.4463296775083475,0.8795372656820485,False
0.6897487437185931,1.310251256281407,2.5670277891976463,0.5103544738589378,0.13753278310166797,0.3728216907572699,0.2765977230093475,0.43872682153935366,0.8597809770908962,False
0.6995979899497488,1.3004020100502511,2.5195449324186185,0.5031694805478941,0.13857445654969053,0.3645950239982036,0.27179725995177956,0.4314639835637825,0.8412251854357147,False
0.7094472361809046,1.2905527638190954,2.474424120615594,0.4961839855636621,0.13963202969367228,0.35655195586998983,0.26720238832005705,0.4245228312500638,0.8237712931552953,False
0.7192964824120603,1.2807035175879398,2.4315130311630107,0.4893897937814574,0.1407058693632932,0.3486839244181642,0.26280291444251874,0.41788638675313294,0.8073315143291888,False
0.729145728643216,1.2708542713567839,2.390673288756544,0.48277915287303796,0.1417963537600985,0.3409827991129395,0.2585893400242427,0.4115389101704052,0.7918274483430054,False
0.7389949748743719,1.2610050251256282,2.3517788873644436,0.47634472379897874,0.1429038729016056,0.33344085089737313,0.25455280802755953,0.405465794871827,0.7771888735381108,False
0.7488442211055277,1.2511557788944725,2.3147148297738944,0.4700795536295652,0.14402882908638814,0.3260507245431771,0.2506850535662922,0.39965347334222123,0.7633527223905752,False
0.7586934673366834,1.2413065326633164,2.279375949833843,0.4639770504826985,0.14517163738130076,0.31880541310139776,0.2469783592956878,0.3940893323491935,0.7502622072483927,False
0.7685427135678392,1.2314572864321607,2.2456658888637233,0.45803096038889646,0.14633272613208564,0.3116982342568108,0.24342551484016853,0.38876163640022654,0.7378660715427644,False
0.778391959798995,1.221608040201005,2.2134962027731033,0.45223534591270376,0.1475125374986792,0.30472280841402455,0.24001977985355216,0.38365945858204503,0.7261179460483567,False
0.7882412060301508,1.211758793969849,2.182785580507823,0.4465845663768826,0.14871152801662485,0.29787303836025775,0.2367548503523365,0.37877261798706313,0.7149757934766874,False
0.7980904522613066,1.2019095477386934,2.153459157721868,0.44107325955092436,0.14993016918608962,0.29114309036483477,0.23362482800290904,0.3740916230283732,0.7044014276563945,False
0.8079396984924623,1.1920603015075377,2.1254479122380148,0.43569632467892666,0.15116894809008058,0.2845273765888461,0.23062419207889945,0.36960762002852815,0.6943600959442601,False
0.8177889447236181,1.1822110552763818,2.0986881300327154,0.43044890673391806,0.15242836804356422,0.2780205386903538,0.2277477738359932,0.3653123465401735,0.6848201154443885,False
0.8276381909547739,1.1723618090452261,2.0731209322614665,0.4253263817964651,0.15370894927530612,0.271617432521159,0.22499073307893666,0.3611980889199848,0.6757525551846869,False
0.8374874371859297,1.1625125628140704,2.048691855307738,0.42032434346500547,0.15501122964437153,0.26531311382063394,0.22234853671966093,0.3572576437326831,0.6671309576833888,False
0.8473366834170855,1.1526633165829145,2.0253504770524478,0.41543859021395935,0.15633576539335997,0.2591028248205994,0.21981693914685962,0.35348428261028475,0.6589310943912993,False
0.8571859296482413,1.1428140703517586,2.0030500835700624,0.4106651136233897,0.1576831319405897,0.2529819816828,0.21739196424632287,0.34987172023412333,0.6511307503628473,False
0.8670351758793969,1.132964824120603,1.9817473712998588,0.4060000874109066,0.15905392471360288,0.2469461626973037,0.21506988892816903,0.34641408514441474,0.6437095342265223,False
0.8768844221105527,1.123115577889447,1.9614021804471355,0.40143985720273817,0.16044876002652758,0.2409910971762106,0.21284722803209252,0.3431058931148818,0.6366487101210945,False
0.8867336683417086,1.1132663316582914,1.941977255963689,0.3969809309865001,0.16186827600401246,0.23511265498248765,0.210720720495098,0.33994202285884445,0.6299310487607063,False
0.8965829145728643,1.1034170854271357,1.9234380329591703,0.39261997019323963,0.16331313355464483,0.2293068366385948,0.20868731667810647,0.336917693858698,0.6235406952074547,False
0.9064321608040201,1.0935678391959798,1.9057524438210836,0.3883537813608927,0.1647840173969714,0.2235697639639213,0.20674416675848975,0.33402844613330873,0.617463051278997,False
0.9162814070351759,1.083718592964824,1.888890744683977,0.38417930833540537,0.16628163714146768,0.2178976711939377,0.20488861010515505,0.3312701217779174,0.611684670812677,False
0.9261306532663316,1.0738693467336684,1.87282535919839,0.38009362496949445,0.16780672843204916,0.21228689653744529,0.20311816556140366,0.32863884812899424,0.6061931662561906,False
0.9359798994974875,1.0640201005025125,1.8575307378160324,0.3760939282823892,0.1693600541509819,0.20673387413140729,0.201430522568537,0.3261310224224069,0.6009771252656075,False
0.9458291457286433,1.0541708542713568,1.8429832310365781,0.3721775320469547,0.17094240569133812,0.20123512635561658,0.1998235330701965,0.3237432978275136,0.5960260361709614,False
0.955678391959799,1.044321608040201,1.8291609752592088,0.3683418607733612,0.17255460430145755,0.19578725647190362,0.1982952041437696,0.3214725707525582,0.5913302213227837,False
0.9655276381909548,1.0344723618090452,1.8160437900535844,0.36458444406098584,0.17419750250621258,0.19038694155477326,0.1968436913109785,0.3193159693282454,0.5868807774641582,False
0.9753768844221107,1.0246231155778893,1.8036130858142851,0.3609029112925184,0.1758719856102448,0.18503092568227358,0.19546729248504338,0.3172708429867531,0.5826695223856488,False
0.9852261306532664,1.0147738693467336,1.7918517808933552,0.35729498664632164,0.17757897328874375,0.1797160133575779,0.1941644425166518,0.3153347530628478,0.5786889472177041,False
0.9950753768844222,1.004924623115578,1.7807442274202643,0.3537584844049985,0.17931942127177175,0.17443906313322677,0.1929337083054228,0.3135054643523352,0.5749321737993256,False
1.004924623115578,0.995075376884422,1.7702761451198308,0.35029130453984303,0.1810943231286179,0.16919698141122513,0.1917737844476862,0.31178093757091874,0.5713929166349347,False
1.0147738693467336,0.9852261306532664,1.7604345625283875,0.34689142855243055,0.18290471215918044,0.1639867163932501,0.19068348939524155,0.3101593226637437,0.5680654490151756,False
1.0246231155778895,0.9753768844221105,1.7512077650885902,0.34355691555604617,0.18475166339994287,0.1588052521561033,0.18966176210337052,0.3086389529225806,0.5649445729333172,False
1.0344723618090452,0.9655276381909547,1.7425852496751448,0.3402858985809667,0.18663629575272675,0.15364960282823995,0.1887076591497836,0.30721833987381664,0.5620255924781608,False
1.044321608040201,0.955678391959799,1.734557685168765,0.3370765810888164,0.18855977424507786,0.14851680684373852,0.18782035230942495,0.3058961689062616,0.559304290427967,False
1.054170854271357,0.9458291457286431,1.7271168787549245,0.3339272336823234,0.19052331243188247,0.14340392125044094,0.18699912657317752,0.3046712956133034,0.5567769078087852,False
1.0640201005025127,0.9359798994974874,1.7202557476784812,0.33083619099781714,0.19252817494861438,0.13830801604920276,0.1862433786015275,0.30354274282922866,0.5544401262154413,False
1.0738693467336684,0.9261306532663316,1.713968296235878,0.327801848768731,0.19457568022750363,0.13322616854122735,0.1855526156072071,0.3025096983446232,0.5522910527250104,False
1.083718592964824,0.9162814070351759,1.7082495978341643,0.3248226610492341,0.19666720338888288,0.1281554576603512,0.1849264546637548,0.3015715132907377,0.5503272072614246,False
1.09356783919598,0.90643216080402,1.7030957819912869,0.32189713758789545,0.19880417932103844,0.12309295826685701,0.18436462243985996,0.30072770118761,0.548546512296487,False
1.1034170854271357,0.8965829145728643,1.6985040261955922,0.3190238413420067,0.20098810596305858,0.1180357353789481,0.1838669553623065,0.29997793765562575,0.546947284797421,False
1.1132663316582914,0.8867336683417086,1.694472552584952,0.3162013861238504,0.20322054780646553,0.11298083831738487,0.18343340021334884,0.29932206079513846,0.5455282303546285,False
1.1231155778894473,0.8768844221105526,1.691000629447955,0.3134284343708179,0.20550313963283048,0.10792529473798743,0.18306401517146426,0.29876007224381185,0.5442884394459383,False
1.132964824120603,0.8670351758793969,1.6880885775917867,0.31070369503183626,0.2078375905061372,0.10286610452569905,0.18275897130766605,0.2982921389265504,0.5432273858156877,False
1.1428140703517586,0.8571859296482413,1.6857377816644243,0.30802592156308956,0.21022568804038522,0.09780023352270434,0.18251855455297528,0.2979185955183232,0.542344926968852,False
1.1526633165829148,0.8473366834170853,1.6839507065631187,0.30539391002649674,0.21266930296482572,0.09272460706167102,0.18234316815626944,0.29763994764591317,0.5416413068024841,False
1.1625125628140704,0.8374874371859297,1.6827309191075992,0.30280649728485265,0.21517039401133392,0.08763610327351873,0.1822333356556015,0.297456875860729,0.5411171604193369,False
1.1723618090452261,0.8276381909547739,1.682083115205606,0.3002625592879461,0.21773101315075238,0.08253154613719371,0.18218970439026447,0.29737024042137356,0.5407735211920655,False
1.182211055276382,0.817788944723618,1.68201315279107,0.29776100944435013,0.22035331120762514,0.077407698236725,0.18221304958541262,0.2973810869317624,0.5406118301713074,True
1.1920603015075377,0.8079396984924623,1.682528090872335,0.2953007970739306,0.22303954388561337,0.07226125318831722,0.1823042790460132,0.29749065288833176,0.540633947957632,False
1.2019095477386934,0.7980904522613066,1.683636235090142,0.2928809059364404,0.22579207823906883,0.06708882769737157,0.18246443850234728,0.29770037519838044,0.5408421691863392,False
1.2117587939698493,0.7882412060301507,1.685347190253844,0.2905003528318728,0.22861339962979038,0.06188695320208243,0.18269471765529893,0.2980118987409869,0.5412392398059734,False
1.221608040201005,0.7783919597989949,1.6876719204005548,0.28815818626852246,0.2315061192119362,0.056652067056586264,0.1829964569763434,0.29842708605237167,0.541828377366781,False
1.2314572864321607,0.7685427135678392,1.690622817007179,0.2858534851949638,0.23447298199247357,0.05138050320249021,0.1833711553245827,0.2989480282292172,0.5426132945749965,False
1.2413065326633168,0.7586934673366833,1.6942137760810496,0.2835853577923966,0.2375168755194656,0.04606848227293098,0.18382047845148652,0.2995770571564978,0.5435982264135943,False
1.2511557788944725,0.7488442211055276,1.698460284963109,0.28135294032403335,0.2406408392559986,0.040712101068034745,0.18434626847332347,0.300316759181042,0.5447879611810547,False
1.2610050251256282,0.7389949748743719,1.7033795198004498,0.2791553960384069,0.24384807470371894,0.03530732133468795,0.18495055440176034,0.30116999036861347,0.5461878758579419,False
1.270854271356784,0.7291457286432159,1.708990454785085,0.27699191412367663,0.2471419563468568,0.02984995777681984,0.1856355638349527,0.3021398935010521,0.5478039762781226,False
1.2807035175879398,0.7192964824120602,1.7153139844161907,0.2748617087101853,0.25052604349538155,0.024335665214803737,0.186403735924855,0.30322991699133145,0.5496429426589626,False
1.2905527638190954,0.7094472361809046,1.7223730602273293,0.2727640179186894,0.25400409311466854,0.01875992480402089,0.18725773575169113,0.3044438359186738,0.5517121811349084,False
1.3004020100502514,0.6995979899497486,1.730192843632651,0.2706981029518425,0.2575800737388947,0.013118029212947802,0.18820047025382947,0.30578577541361074,0.5540198820439414,False
1.310251256281407,0.689748743718593,1.7388008767919891,0.2686632472266542,0.26125818057648925,0.007405066650164938,0.18923510588104248,0.3072602366546744,0.5565750858395129,False
1.3201005025125627,0.6798994974874372,1.7482272736802984,0.26665875554578533,0.2650428519285212,0.0016159036172641583,0.19036508816168576,0.30887212577492396,0.5593877576453932,False
1.3299497487437186,0.6700502512562813,1.7585049338795253,0.26468395330566696,0.2689387870551141,0.004254833749447129,0.191594163400174,0.3106267860185763,0.5624688716418509,False
1.3397989949748745,0.6602010050251256,1.7696697819998262,0.2627381857395462,0.2729509656411091,0.010212779901562885,0.1929264027508112,0.31253003353657793,0.5658305066742368,False
1.3496482412060302,0.6503517587939699,1.7817610360930731,0.2608208171936771,0.2770846690305124,0.016263851836835264,0.19436622894818986,0.31458819726617926,0.569485954716145,False
1.3594974874371861,0.640502512562814,1.794821508958203,0.2589312304349738,0.2813455034201233,0.02241427298514953,0.19591844601378194,0.31680816340482215,0.5734498441072127,False
1.3693467336683418,0.6306532663316582,1.808897946871683,0.2570688259885424,0.2857394252265252,0.028670599237982763,0.19758827230391904,0.31919742506458126,0.5777382798307633,False
1.3791959798994975,0.6208040201005025,1.8240414110273484,0.25523302150359917,0.2902727688678073,0.03503974736420812,0.19938137731718122,0.32176413778197926,0.5823690035118463,False
1.3890452261306534,0.6109547738693466,1.8403077078631194,0.25342325114636355,0.2949522772325129,0.041529026086149334,0.20130392274059064,0.3245171816616177,0.5873615763181119,False
1.398894472361809,0.6011055276381909,1.8577578755186552,0.2516389650185998,0.2997851351440304,0.0481461701254306,0.20336260828549874,0.3274662310536153,0.5927375885549284,False
1.4087437185929648,0.5912562814070352,1.8764587349464872,0.24987962860054871,0.30477900616971704,0.05489937756916832,0.20556472294753747,0.3306218328078262,0.5985209004882224,False
1.4185929648241207,0.5814070351758792,1.8964835157379931,0.2481447222170663,0.3099420731713822,0.06179735095431593,0.20791820242273762,0.33399549431648123,0.6047379198368178,False
1.4284422110552764,0.5715577889447235,1.9179125685858711,0.24643374052584893,0.3152830830484343,0.06884934252258534,0.21043169352664376,0.33759978275647773,0.6114179224929844,False
1.4382914572864323,0.5617085427135678,1.940834178563726,0.24474619202668513,0.3208113961883066,0.07606520416162149,0.21311462659828895,0.3414484371794144,0.6185934244100302,False
1.4481407035175882,0.5518592964824119,1.9653454961595278,0.2430815985907343,0.3265370412122466,0.08345544262151228,0.2159772970302789,0.345556495379487,0.626300614309717,False
1.4579899497487439,0.5420100502512563,1.9915536063792991,0.24143949500888473,0.3324707756900512,0.09103128068116645,0.21903095725491217,0.34994043780624695,0.6345798590020688,False
1.4678391959798995,0.5321608040201005,2.019576760403228,0.23981942855829447,0.33862415359706244,0.09880472503876797,0.2222879207402834,0.35461835119300755,0.6434762957963629,False
1.4776884422110554,0.5223115577889446,2.0495457994399455,0.23822095858626746,0.3450096004033954,0.10678864181712794,0.22576167981711248,0.3596101150573495,0.6530405298739089,False
1.4875376884422111,0.5124623115577889,2.081605806862643,0.23664365611066082,0.3516404968222094,0.11499684071154856,0.22946703947582298,0.3649376148164847,0.6633294588022048,False
1.4973869346733668,0.5026130653266332,2.11591803278748,0.2350871034360622,0.3585312724048081,0.12344416896874588,0.23342026965552473,0.37062498597071486,0.6744072518794764,False
1.5072361809045227,0.49276381909547723,2.152662145454592,0.23355089378501637,0.3656975103602786,0.13214661657526222,0.23763927900622303,0.3766988946725701,0.6863465190907826,False
1.5170854271356784,0.48291457286432155,2.192038876743784,0.23203463094361645,0.373156065202174,0.14112143425855753,0.24214381366047955,0.383188861055097,0.6992297136521516,False
1.526934673366834,0.4730653266331658,2.234273145777522,0.23053792892081162,0.38092519509166045,0.15038726617084883,0.24695568522310574,0.3901276329881468,0.7131508241319113,False
1.5367839195979902,0.4632160804020099,2.279617766029879,0.22906041162081553,0.38902471106453596,0.15996429944372043,0.2520990330052728,0.3975516195278278,0.7282174279584052,False
1.546633165829146,0.45336683417085416,2.328357869321737,0.2276017125280324,0.3974761457096976,0.16987443318166517,0.25760062652814336,0.4055013953006436,0.7445531991360194,False
1.5564824120603016,0.4435175879396985,2.3808162168391247,0.22616147440394466,0.406302944322784,0.18014146991883936,0.2634902155458681,0.4140222895226646,0.7623009911561912,False
1.5663316582914575,0.43366834170854257,2.43735961610537,0.2247393489954373,0.41553068210809885,0.19079133311266155,0.2698009363462497,0.42316507642878476,0.7816266542090514,False
1.5761809045226132,0.42381909547738683,2.4984067282970144,0.22333499675405794,0.42518731166621904,0.2018523149121611,0.27656978495371626,0.4329867877525855,0.8027237979306948,False
1.5860301507537689,0.41396984924623115,2.5644376391137627,0.22194808656573672,0.43530344581122726,0.21335535924549054,0.283838170179337,0.44355167278421054,0.8258197830073304,False
1.5958793969849245,0.40412060301507546,2.636005688419628,0.22057829549051522,0.44591268174495036,0.22533438625443514,0.2916525623610581,0.4549323377483223,0.8511833258398094,False
1.6057286432160804,0.3942713567839195,2.7137522237090637,0.21922530851185396,0.4570519738201494,0.23782666530829544,0.3000652572771366,0.46721110419648937,0.8791342434846752,False
1.6155778894472361,0.3844221105527638,2.7984251823061315,0.21788881829510987,0.46876206360691386,0.250873245311804,0.30913527931134327,0.4804816363505613,0.9100560716709791,False
1.6254271356783918,0.3745728643216081,2.8909027513094245,0.2165685249547945,0.48108797780961776,0.26451945285482326,0.31892945378399085,0.49485090061606707,0.9444125887253177,False
1.635276381909548,0.3647236180904522,2.992223856509012,0.2152641358302434,0.494079606860415,0.2788154710301716,0.32952368581711144,0.5104415378352818,0.982769723387114,False
1.6451256281407036,0.35487437185929643,3.1036279783874665,0.21397536526934394,0.5077923798630546,0.2938170145937107,0.34100449268415717,0.5273947516888774,1.0258249969572402,False
1.6549748743718593,0.34502512562814075,3.226607927284775,0.21270193441998486,0.5222880551402405,0.3095861207202556,0.3534708489934451,0.5458738469646192,1.0744476863752017,False
1.6648241206030152,0.33517587939698484,3.3629809712229912,0.2114435710289098,0.537635650163852,0.3261920791349422,0.36703642021033434,0.5660685919832499,1.1297345266254883,False
1.674673366834171,0.3253266331658291,3.5149865160889524,0.2102000092476679,0.553912540406687,0.3437125311590191,0.3818322812294997,0.5882006342805417,1.1930884038393696,False
1.6845226130653266,0.3154773869346734,3.685423136569492,0.20897098944537265,0.5712057640319992,0.36223477458662656,0.39801024476169433,0.612530273413753,1.266331855456903,False
1.6943718592964825,0.30562814070351746,3.8778455348094303,0.20775625802799041,0.589613578854471,0.38185732082648055,0.41574696171614023,0.639364997829882,1.3518746540012454,False
1.7042211055276382,0.2957788944723618,4.096855640091053,0.20655556726389637,0.6092473303759585,0.4026917631120621,0.43524900610316464,0.6690703364099847,1.4529679489615897,False
1.7140703517587939,0.2859296482412061,4.348546962188295,0.2053686751154436,0.6302337059038472,0.4248650307884036,0.4567592253489311,0.7020837780030861,1.5741017301353297,False
1.7239195979899498,0.27608040201005013,4.641208958273358,0.20419534507630677,0.652717471167254,0.4485221260909472,0.48056473067929384,0.73893280194466,1.7216491623461567,False
1.7337688442211057,0.26623115577889445,4.986494467319676,0.20303534601436962,0.6768648143814443,0.4738294683670747,0.5070070321903396,0.7802584823491912,1.9049564060502748,False
1.7436180904522613,0.2563819095477387,5.401460850039644,0.20188845201993721,0.7028674611118956,0.5009790090919584,0.5364950053923225,0.8268467465570011,2.138282340748675,False
1.7534673366834173,0.2465326633165828,5.912379143151615,0.20075444225906408,0.7309477754979399,0.5301933332388757,0.5695216344680587,0.8796702917064448,2.4444736563345493,False
1.763316582914573,0.2366834170854271,6.56244588067988,0.1996331008317977,0.7613651351577264,0.5617320343259287,0.6066858489627612,0.9399455695139558,2.862497194763685,False
1.7731658291457286,0.22683417085427138,7.42912574640519,0.19852421663514658,0.7944239669013936,0.5958997502662471,0.6487213120660332,1.0092114323859123,3.4645389454352657,False
1.7830150753768845,0.21698492462311544,8.669097369702667,0.19742758323058962,0.8304839709571312,0.6330563877265416,0.6965348198524989,1.0894394970671935,4.4006139160107836,False
1.7928643216080402,0.20713567839195976,10.661295547134003,0.1963429987159533,0.8699732621525695,0.6736302634366163,0.7512581760453618,1.1831919082765998,6.041137202444719,False
1.802713567839196,0.19728643216080405,14.643521628474755,0.19527026560148802,0.9134054474255963,0.7181351818241082,0.8143192524191325,1.293851571232212,9.612860728752933,False
1.8125628140703518,0.18743718592964811,28.544643771996633,0.1942091906899856,0.9614020875584165,0.767192896868431,0.8875408267803175,1.425966054468874,23.030089182717933,False
