kappa,policy,feasible,alpha,B_UH_MHz,a1,a2,a3,T1_E2E_s,T2_E2E_s,T3_E2E_s,rho_U,rho_H,CSPR,GDI,AGDI,PAoI1_s,PAoI2_s,PAoI3_s,AoI_avg1_sim_s,n_seeds_valid
1.0,P1,True,0.5,1.0,1.0,1.0,1.0,0.1923449717903713,0.312630225711197,0.5731357263310217,0.35201635719536595,0.1802025018388388,1.0,1.0,1.0,2.692344971790371,1.9792968923778638,1.8231357263310217,2.7012402678076888,1000
1.0,P2,True,0.35,1.0,1.0,1.0,1.0,0.15033013580314808,0.24915034541587422,0.4548585966506531,0.27078181322720457,0.1802025018388388,1.0,1.0,1.0,2.650330135803148,1.9158170120825408,1.704858596650653,2.6601924290652357,1000
1.0,P3,True,0.35,1.0,1.0,1.0,1.0,0.15033013580314808,0.24915034541587422,0.4548585966506531,0.27078181322720457,0.1802025018388388,1.0,1.0,1.0,2.650330135803148,1.9158170120825408,1.704858596650653,2.6601924290652357,1000
1.5,P1,True,0.5,1.0,1.0,1.0,1.0,0.23471584805888734,0.36847530603227663,0.717196342556931,0.528024535793049,0.2703037527582582,1.0,0.8984241126667675,1.8104012453902456,1.9013825147255539,1.4795864171433877,1.5505296758902642,1.9110947964544311,1000
1.5,P2,True,0.35,1.0,1.0,1.0,1.0,0.1793815594530092,0.28491927895440783,0.5238068522030368,0.40617271984080683,0.2703037527582582,1.0,0.9409796370885453,1.855180625006393,1.8460482261196758,1.396030390065519,1.35714018553637,1.8574264058144747,1000
1.5,P3,True,0.35,1.0,1.0,1.0,1.0,0.1793815594530092,0.28491927895440783,0.5238068522030368,0.40617271984080683,0.2703037527582582,1.0,0.9409796370885453,1.855180625006393,1.8460482261196758,1.396030390065519,1.35714018553637,1.8574264058144747,1000
2.0,P1,True,0.5,1.0,1.0,1.0,1.0,0.27824171352083005,0.4333162961196375,1.0371740950131902,0.7040327143907319,0.3604050036776776,1.0,0.7723583644254274,1.8613174825869239,1.52824171352083,1.2666496294529708,1.6621740950131902,1.539643845150533,1000
2.0,P2,True,0.35,1.2,1.0,1.0,1.0,0.2103238062194051,0.32484660326563775,0.6158049109719289,0.4513030220453409,0.4505062545970969,1.0,0.8754171750626187,2.116742757944843,1.460323806219405,1.1581799365989711,1.2408049109719288,1.4765191545370406,1000
2.0,P3,True,0.35,1.2,1.0,1.0,1.0,0.2103238062194051,0.32484660326563775,0.6158049109719289,0.4513030220453409,0.4505062545970969,1.0,0.8754171750626187,2.116742757944843,1.460323806219405,1.1581799365989711,1.2408049109719288,1.4765191545370406,1000
2.5,P1,True,0.5,1.0,1.0,1.0,1.0,0.32297347950149974,0.5093181262107435,2.294017292021191,0.8800408929884148,0.4505062545970969,1.0,0.5448194113660865,1.4130863665606233,1.3229734795014998,1.17598479287741,2.794017292021191,1.3390632994703082,1000
2.5,P2,True,0.35,1.2,1.0,1.0,1.0,0.2408539497415651,0.3687749906501576,0.7707781628782987,0.5641287775566761,0.5631328182463711,1.0,0.8023984297265818,2.1178116417672332,1.2408539497415652,1.0354416573168241,1.2707781628782988,1.2574717228891388,1000
2.5,P3,True,0.35,1.2,1.0,1.0,1.0,0.2408539497415651,0.3687749906501576,0.7707781628782987,0.5641287775566761,0.5631328182463711,1.0,0.8023984297265818,2.1178116417672332,1.2408539497415652,1.0354416573168241,1.2707781628782988,1.2574717228891388,1000
2.6,P1,True,0.5,1.0,1.0,1.0,1.0,0.3320692399187974,0.5260985313352841,3.1683195867912706,0.9152425287079514,0.46852650478098085,1.0,0.5026530041228475,1.3545339566303998,1.293607701457259,1.167124172360925,3.6490888175605014,1.31061522288775,1000
2.6,P2,True,0.35,1.2,1.0,1.0,1.0,0.24703233533217098,0.37814287383368317,0.8130002780524157,0.5866939286589432,0.5856581309762259,1.0,0.7863750245328502,2.096716718399595,1.2085707968706325,1.0191685148593241,1.2937695088216463,1.2250261861847584,1000
2.6,P3,True,0.35,1.2,1.0,1.0,1.0,0.24703233533217098,0.37814287383368317,0.8130002780524157,0.5866939286589432,0.5856581309762259,1.0,0.7863750245328502,2.096716718399595,1.2085707968706325,1.0191685148593241,1.2937695088216463,1.2250261861847584,1000
2.7,P1,True,0.5,1.0,1.0,1.0,1.0,0.34121583621909124,0.5434669767938046,5.280969367930295,0.950444164427488,0.48654675496486466,1.0,0.48051636692198463,1.3111327362827232,1.267141762145017,1.1607509274110885,5.743932330893258,1.2852653276869788,1000
2.7,P2,True,0.35,1.2,1.0,1.0,1.0,0.2532351739916896,0.3877180507554369,0.8604994825153534,0.6092590797612103,0.6081834437060808,1.0,0.7697324414796171,2.0694090087273342,1.1791610999176154,1.0050020013727208,1.3234624454783162,1.1951713390757126,1000
2.7,P3,True,0.35,1.2,1.0,1.0,1.0,0.2532351739916896,0.3877180507554369,0.8604994825153534,0.6092590797612103,0.6081834437060808,1.0,0.7697324414796171,2.0694090087273342,1.1791610999176154,1.0050020013727208,1.3234624454783162,1.1951713390757126,1000
2.8,P1,True,0.5,1.0,1.0,1.0,1.0,0.35041372222914025,0.5614533624813784,17.73893048408134,0.9856458001470245,0.5045670051487485,1.0,0.4579324737080941,1.263354935369962,1.2432708650862832,1.1566914577194738,18.185359055509913,1.2630001544639808,1000
2.8,P2,True,0.35,1.2,1.0,1.0,1.0,0.25946261118014347,0.3975066237303575,0.9142559502316179,0.6318242308634772,0.6307087564359355,1.0,0.7523788498216107,2.036041334784034,1.1523197540372863,0.9927447189684527,1.3606845216601893,1.1685856632294545,1000
2.8,P3,True,0.35,1.2,1.0,1.0,1.0,0.25946261118014347,0.3975066237303575,0.9142559502316179,0.6318242308634772,0.6307087564359355,1.0,0.7523788498216107,2.036041334784034,1.1523197540372863,0.9927447189684527,1.3606845216601893,1.1685856632294545,1000
2.9,P1,False,,,,,,,,,,,,,,,,,,0
2.9,P2,True,0.35,1.2,1.0,1.0,1.0,0.26571479351354776,0.4075149310728332,0.9755056180202013,0.6543893819657443,0.6532340691657903,1.0,0.7341992613419216,1.9966715593498392,1.1277837590307893,0.9822275747509941,1.406540100778822,1.1439197395233263,1000
2.9,P3,True,0.35,1.2,1.0,1.0,1.0,0.26571479351354776,0.4075149310728332,0.9755056180202013,0.6543893819657443,0.6532340691657903,1.0,0.7341992613419216,1.9966715593498392,1.1277837590307893,0.9822275747509941,1.406540100778822,1.1439197395233263,1000
3.0,P1,False,,,,,,,,,,,,,,,,,,0
3.0,P2,True,0.35,1.2,1.0,1.0,1.0,0.27199186877541653,0.41774955855883356,1.0458292656486727,0.6769545330680113,0.6757593818956453,1.0,0.7150475050319653,1.9512707912524216,1.1053252021087498,0.9733051141143891,1.4624959323153393,1.1208599653415623,1000
3.0,P3,True,0.35,1.2,1.0,1.0,1.0,0.27199186877541653,0.41774955855883356,1.0458292656486727,0.6769545330680113,0.6757593818956453,1.0,0.7150475050319653,1.9512707912524216,1.1053252021087498,0.9733051141143891,1.4624959323153393,1.1208599653415623,1000
3.2,P1,False,,,,,,,,,,,,,,,,,,0
3.2,P2,True,0.35,1.2,1.0,1.0,1.0,0.2846212951261028,0.43892542790987,1.2225830284375723,0.7220848352725455,0.720810007355355,1.0,0.673011486493334,1.8419048625912908,1.0658712951261027,0.9597587612432034,1.6132080284375723,1.0806334116107246,1000
3.2,P3,True,0.35,1.2,1.0,1.0,1.0,0.2846212951261028,0.43892542790987,1.2225830284375723,0.7220848352725455,0.720810007355355,1.0,0.673011486493334,1.8419048625912908,1.0658712951261027,0.9597587612432034,1.6132080284375723,1.0806334116107246,1000
3.4,P1,False,,,,,,,,,,,,,,,,,,0
3.4,P2,True,0.35,1.2,1.0,1.0,1.0,0.297352096296278,0.46109234681284433,1.4708710867532815,0.7672151374770796,0.7658606328150647,1.0,0.6238644062415067,1.706779282434026,1.0326462139433368,0.9512884252442169,1.838518145576811,1.046377687570749,1000
3.4,P3,True,0.35,1.2,1.0,1.0,1.0,0.297352096296278,0.46109234681284433,1.4708710867532815,0.7672151374770796,0.7658606328150647,1.0,0.6238644062415067,1.706779282434026,1.0326462139433368,0.9512884252442169,1.838518145576811,1.046377687570749,1000
3.6,P1,False,,,,,,,,,,,,,,,,,,0
3.6,P2,True,0.35,1.2,1.0,1.0,1.0,0.31018549778992266,0.4843132459317022,1.8422855952546509,0.8123454396816137,0.8109112582747744,1.0,0.5629252300637347,1.5471761340252064,1.004629942234367,0.9472762088946651,2.189507817476873,1.0166681620079792,1000
3.6,P3,True,0.35,1.2,1.0,1.0,1.0,0.31018549778992266,0.4843132459317022,1.8422855952546509,0.8123454396816137,0.8109112582747744,1.0,0.5629252300637347,1.5471761340252064,1.004629942234367,0.9472762088946651,2.189507817476873,1.0166681620079792,1000
3.7,P1,False,,,,,,,,,,,,,,,,,,0
3.7,P2,True,0.35,1.2,1.0,1.0,1.0,0.3166410620402226,0.4963400441570117,2.105628601524079,0.8349105907838807,0.8334365710046292,1.0,0.5251890116487143,1.4623998038260368,0.9923167377158981,0.9467904946074621,2.4434664393619165,1.003526474426031,1000
3.7,P3,True,0.35,1.2,1.0,1.0,1.0,0.3166410620402226,0.4963400441570117,2.105628601524079,0.8349105907838807,0.8334365710046292,1.0,0.5251890116487143,1.4623998038260368,0.9923167377158981,0.9467904946074621,2.4434664393619165,1.003526474426031,1000
3.8,P1,False,,,,,,,,,,,,,,,,,,0
3.8,P2,True,0.35,1.2,1.0,1.0,1.0,0.32312274494418336,0.5086563785924374,2.453344280819757,0.8574757418861476,0.855961883734484,1.0,0.4796654028351112,1.383141000726818,0.9810174817862887,0.9472528698205076,2.78229164924081,0.9911638596835752,1000
3.8,P3,True,0.35,1.2,1.0,1.0,1.0,0.32312274494418336,0.5086563785924374,2.453344280819757,0.8574757418861476,0.855961883734484,1.0,0.4796654028351112,1.383141000726818,0.9810174817862887,0.9472528698205076,2.78229164924081,0.9911638596835752,1000
3.9,P1,False,,,,,,,,,,,,,,,,,,0
3.9,P2,True,0.35,1.2,1.0,1.0,1.0,0.32963070533397176,0.5212717064490645,2.932717828997756,0.8800408929884148,0.8784871964643389,1.0,0.46104497967765873,1.3422543397988824,0.9706563463596127,0.9486221337994919,3.2532306495105763,0.9798708334544978,1000
3.9,P3,True,0.35,1.2,1.0,1.0,0.75,0.28128357938175613,0.45288303489722376,1.294315696750716,0.733367410823679,0.7320726637202823,1.0,0.6353236716954374,1.8433520601900382,0.922309220407397,0.8802334622476511,1.7216661241011433,0.9350974139571268,1000
4.0,P1,False,,,,,,,,,,,,,,,,,,0
4.0,P2,True,0.35,1.2,1.0,1.0,1.0,0.3361651033322206,0.5341958931903472,3.634424936220637,0.9026060440906818,0.9010125091941938,1.0,0.44642091804878525,1.303813255996992,0.9611651033322206,0.950862559857014,3.946924936220637,0.969034762447617,1000
4.0,P3,True,0.35,1.2,1.0,1.0,0.75,0.28647758804703083,0.4631561064095254,1.3999527258569415,0.7521717034089015,0.7508437576618281,1.0,0.6165674507434751,1.78965373710184,0.9114775880470308,0.879822773076192,1.816619392523608,0.9236608826522613,1000
4.1,P1,False,,,,,,,,,,,,,,,,,,0
4.1,P2,True,0.35,1.2,1.0,1.0,1.0,0.3427261003651608,0.5474392347192101,4.757122392710535,0.9251711951929488,0.9235378219240484,1.0,0.43158736483586213,1.2640844339450013,0.9524821979261364,0.9539432997598606,5.062000441491023,0.9590201546965142,1000
4.1,P3,True,0.35,1.2,1.0,1.0,0.75,0.2916927395347526,0.4736828650606729,1.52371267607403,0.770975995994124,0.7696148516033737,1.0,0.5964211619250875,1.7323133630808043,0.9014488370957282,0.8801869301013234,1.9302167411146804,0.9131967469881495,1000
4.2,P1,False,,,,,,,,,,,,,,,,,,0
4.2,P2,True,0.35,1.2,1.0,1.0,1.0,0.34931385917591506,0.5610124810269734,6.836373998698111,0.947736346295216,0.9460631346539036,1.0,0.41653808880070786,1.2231417716158959,0.9445519544140103,0.9578378778523702,7.133993046317158,0.9494173612420216,1000
4.2,P3,True,0.35,1.2,1.0,1.0,0.75,0.2969291632048393,0.48447185571556173,1.670466580923852,0.7897802885793467,0.7883859455449196,1.0,0.5745509897800167,1.6715764376498712,0.8921672584429345,0.8812972525409586,2.0672919777492487,0.9034136227330978,1000
4.3,P1,False,,,,,,,,,,,,,,,,,,0
4.3,P2,True,0.35,1.2,1.0,1.0,1.0,0.35592854383795347,0.5749268614176977,11.985549955515008,0.9703014973974828,0.9685884473837583,1.0,0.40126658753929223,1.1810535365711905,0.9373238926751628,0.9625237606425039,12.276247629933613,0.9404921847705892,1000
4.3,P3,True,0.35,1.2,1.0,1.0,0.75,0.30218698947466466,0.49553200423126564,1.846991229643777,0.8085845811645691,0.8071570394864651,1.0,0.5504942383228477,1.6080821992394443,0.8835823383118739,0.8831289034560719,2.234588128868583,0.8940909739344539,1000
4.4,P1,False,,,,,,,,,,,,,,,,,,0
4.4,P2,True,0.35,1.2,1.0,1.0,1.0,0.3625703197687157,0.5891941114317535,46.217958516585924,0.99286664849975,0.9911137601136133,1.0,0.38576607231878424,1.1378831887975094,0.9307521379505338,0.9679819902196323,46.50204942567683,0.9317443438966496,1000
4.4,P3,True,0.35,1.2,1.0,1.0,0.75,0.30746634982988597,0.5068726388578229,2.063001452493992,0.8273888737497918,0.8259281334280111,1.0,0.523589625392997,1.5432821242954562,0.8756481680117041,0.8856605176457016,2.441789331281871,0.8857900287727234,1000
4.5,P1,False,,,,,,,,,,,,,,,,,,0
4.5,P2,False,,,,,,,,,,,,,,,,,,0
4.5,P3,True,0.35,1.2,1.0,1.0,0.75,0.312767376835404,0.5185035130970282,2.332934869578132,0.8461931663350142,0.8446992273695567,1.0,0.4928567744448656,1.480326868341114,0.8683229323909596,0.8888738834673986,2.7033052399485022,0.8779408362158968,1000
4.6,P1,False,,,,,,,,,,,,,,,,,,0
4.6,P2,False,,,,,,,,,,,,,,,,,,0
4.6,P3,True,0.35,1.2,1.0,1.0,0.75,0.31809020414645994,0.5304348301364403,2.679217527289837,0.8649974589202366,0.8634703213111022,1.0,0.4688753975148356,1.4330746297113575,0.8615684650160252,0.8927536707161505,3.041536367869547,0.8700718433524052,1000
4.7,P1,False,,,,,,,,,,,,,,,,,,0
4.7,P2,False,,,,,,,,,,,,,,,,,,0
4.7,P3,True,0.35,1.2,1.0,1.0,0.5,0.26421006324168783,0.4511158918633802,1.1930035443264897,0.7070414012043673,0.7057931322021185,1.0,0.6329560582190664,1.9503747711132646,0.7961249568587091,0.8057258209413944,1.724918437943511,0.8061972805998673,1000
4.8,P1,False,,,,,,,,,,,,,,,,,,0
4.8,P2,False,,,,,,,,,,,,,,,,,,0
4.8,P3,True,0.35,1.2,1.0,1.0,0.5,0.2681919073070727,0.4604381208936592,1.2657479295939784,0.7220848352725454,0.7208100073553549,1.0,0.6199565578866881,1.9116293373919495,0.7890252406404061,0.8076603431158814,1.786581262927312,0.7989641628598175,1000
5.0,P1,False,,,,,,,,,,,,,,,,,,0
5.0,P2,False,,,,,,,,,,,,,,,,,,0
5.0,P3,True,0.35,1.2,1.0,1.0,0.5,0.27620512846733797,0.47983515838152085,1.4399451880937737,0.7521717034089015,0.7508437576618281,1.0,0.5921862602406064,1.8283700925273516,0.7762051284673379,0.8131684917148542,1.9399451880937737,0.7854561919554062,1000
5.5,P1,False,,,,,,,,,,,,,,,,,,0
5.5,P2,False,,,,,,,,,,,,,,,,,,0
5.5,P3,True,0.35,1.2,1.0,1.0,0.5,0.2965319667344277,0.5331758458019301,2.1609862414766203,0.8273888737497916,0.8259281334280109,1.0,0.5068500255443044,1.5930606107951872,0.7510774212798823,0.8362061488322332,2.615531696022075,0.7587121263205311,1000
6.0,P1,False,,,,,,,,,,,,,,,,,,0
6.0,P2,False,,,,,,,,,,,,,,,,,,0
6.0,P3,True,0.35,1.2,1.0,1.0,0.25,0.23960196298009176,0.45313047444250804,1.1027868971618267,0.6769545330680113,0.6757593818956453,1.0,0.6321292525093731,2.0767322583611967,0.6562686296467584,0.7309082522202859,1.93612023049516,0.6608837170886978,1000
6.5,P1,False,,,,,,,,,,,,,,,,,,0
6.5,P2,False,,,,,,,,,,,,,,,,,,0
6.5,P3,True,0.35,1.2,1.0,1.0,0.25,0.253428939529822,0.499639254528753,1.399429922130118,0.733367410823679,0.7320726637202823,1.0,0.5837282887368963,1.9233780759887564,0.6380443241452065,0.7560495109390095,2.1686606913608872,0.6418155525510426,1000
7.0,P1,False,,,,,,,,,,,,,,,,,,0
7.0,P2,False,,,,,,,,,,,,,,,,,,0
7.0,P3,True,0.35,1.2,1.0,1.0,0.25,0.2675549903292907,0.5541518285190987,1.88333610461186,0.7897802885793466,0.7883859455449196,1.0,0.5262734485215422,1.7458434222579642,0.6246978474721478,0.7922470666143369,2.597621818897574,0.6275351565620645,1000
7.1,P1,False,,,,,,,,,,,,,,,,,,0
7.1,P2,False,,,,,,,,,,,,,,,,,,0
7.1,P3,True,0.35,1.2,1.0,1.0,0.25,0.2704169451465337,0.5661868140537042,2.0171854936172258,0.80106286413048,0.7996486019098469,1.0,0.5132697832871452,1.708092938624813,0.6225296212028717,0.8009285980912628,2.7214108457299018,0.6251294983311255,1000
7.2,P1,False,,,,,,,,,,,,,,,,,,0
7.2,P2,False,,,,,,,,,,,,,,,,,,0
7.2,P3,True,0.35,1.2,1.0,1.0,0.25,0.273291334437083,0.5786429567736017,2.16873797408687,0.8123454396816137,0.8109112582747744,1.0,0.49961677519605724,1.6700193162958252,0.6205135566593052,0.8101244382550832,2.863182418531314,0.6229339649504677,1000
7.3,P1,False,,,,,,,,,,,,,,,,,,0
7.3,P2,False,,,,,,,,,,,,,,,,,,0
7.3,P3,True,0.35,1.2,1.0,1.0,0.25,0.2761782394144333,0.5915414660616672,2.341461934898504,0.8236280152327471,0.8221739146397018,1.0,0.48522434532212216,1.6320034083997623,0.6186439928390908,0.8198519683447723,3.0263934417478193,0.620814335159632,1000
7.4,P1,False,,,,,,,,,,,,,,,,,,0
7.4,P2,False,,,,,,,,,,,,,,,,,,0
7.4,P3,True,0.35,1.2,1.0,1.0,0.25,0.27907774200086455,0.6049049888573719,2.539774800848873,0.8349105907838807,0.8334365710046292,1.0,0.47087536463288815,1.594944108155468,0.6169155798387023,0.830130214082597,3.2154504765245484,0.6187491187805934,1000
7.5,P1,False,,,,,,,,,,,,,,,,,,0
7.5,P2,False,,,,,,,,,,,,,,,,,,0
7.5,P3,True,0.35,1.2,1.0,1.0,0.25,0.28198992483519125,0.618757733430126,2.7693895181457497,0.8461931663350142,0.8446992273695566,1.0,0.4598047123821856,1.5592453926554757,0.6153232581685246,0.8409799556523482,3.4360561848124163,0.6170194748386935,1000
7.6,P1,False,,,,,,,,,,,,,,,,,,0
7.6,P2,False,,,,,,,,,,,,,,,,,,0
7.6,P3,True,0.35,1.2,1.0,1.0,0.0,0.1830607886333107,0.39565964694759986,0.7910236301600893,0.5716504945907651,0.5706412558229893,1.0,0.696641392401653,2.4825702480579857,0.5120081570543633,0.614957892561635,inf,0.502778969011371,1000
7.7,P1,False,,,,,,,,,,,,,,,,,,0
7.7,P2,False,,,,,,,,,,,,,,,,,,0
7.7,P3,True,0.35,1.2,1.0,1.0,0.0,0.1844317592376048,0.40261800012549864,0.8116259602380833,0.5791722116248542,0.5781496933996076,1.0,0.6911838539437825,2.464207571981526,0.5091070839129295,0.6190682165757151,inf,0.4997436867411292,1000
7.8,P1,False,,,,,,,,,,,,,,,,,,0
7.8,P2,False,,,,,,,,,,,,,,,,,,0
7.8,P3,True,0.35,1.2,1.0,1.0,0.0,0.1858087650284348,0.4098435934415288,0.8334642700201369,0.5866939286589432,0.5856581309762259,1.0,0.6855691709915446,2.4451520344613007,0.5063215855412553,0.6235188071167426,inf,0.49678861397385043,1000
7.9,P1,False,,,,,,,,,,,,,,,,,,0
7.9,P2,False,,,,,,,,,,,,,,,,,,0
7.9,P3,True,0.35,1.2,1.0,1.0,0.0,0.1871918459452374,0.417351349659692,0.8566346884438003,0.5942156456930322,0.5931665685528442,1.0,0.6797889028216791,2.425385442182016,0.5036475421477691,0.6283218137947131,inf,0.4939248894468308,1000
8.0,P1,False,,,,,,,,,,,,,,,,,,0
8.0,P2,False,,,,,,,,,,,,,,,,,,0
8.0,P3,True,0.35,1.2,1.0,1.0,0.0,0.1885810422806416,0.425157316966038,0.8812427048909581,0.6017373627271212,0.6006750061294625,1.0,0.6738339751333262,2.404888087582126,0.5010810422806415,0.6334906502993713,inf,0.4911803598738723,1000
8.5,P1,False,,,,,,,,,,,,,,,,,,0
8.5,P2,False,,,,,,,,,,,,,,,,,,0
8.5,P3,True,0.35,1.2,1.0,1.0,0.0,0.19562019069960587,0.4693155337470025,1.0303473836652282,0.6393459478975663,0.6382171940125538,1.0,0.6410691950076673,2.2906368581392984,0.4897378377584294,0.6653939651195515,inf,0.47915196851618036,1000
9.0,P1,False,,,,,,,,,,,,,,,,,,0
9.0,P2,False,,,,,,,,,,,,,,,,,,0
9.0,P3,True,0.35,1.2,1.0,1.0,0.0,0.20281847856170038,0.5242154019109639,1.2390720346563207,0.6769545330680113,0.6757593818956453,1.0,0.6020819238543214,2.154185217691182,0.48059625633947817,0.7094005870961492,inf,0.46934607661452277,1000
9.5,P1,False,,,,,,,,,,,,,,,,,,0
9.5,P2,False,,,,,,,,,,,,,,,,,,0
9.5,P3,True,0.35,1.2,1.0,1.0,0.0,0.2101813642557679,0.5941071473206826,1.5420459886288325,0.7145631182384564,0.7133015697787367,1.0,0.5544747756860035,1.9910123874755177,0.47333925899261,0.7695457438119107,inf,0.46142347698824027,1000
10.0,P1,False,,,,,,,,,,,,,,,,,,0
10.0,P2,False,,,,,,,,,,,,,,,,,,0
10.0,P3,True,0.35,1.2,1.0,1.0,0.0,0.2177145586839759,0.6858116614808337,2.0025918964659413,0.7521717034089015,0.7508437576618281,1.0,0.49440378338640695,1.7953848922715894,0.46771455868397593,0.8524783281475004,inf,0.455167913611966,1000
10.1,P1,False,,,,,,,,,,,,,,,,,,0
10.1,P2,False,,,,,,,,,,,,,,,,,,0
10.1,P3,True,0.35,1.2,1.0,1.0,0.0,0.21924215581955359,0.7076697828952148,2.122893070610174,0.7596934204429905,0.7583521952384464,1.0,0.48038715945215904,1.7518112750284989,0.4667669082948011,0.8726862845453798,inf,0.4540641090655529,1000
10.2,P1,False,,,,,,,,,,,,,,,,,,0
10.2,P2,False,,,,,,,,,,,,,,,,,,0
10.2,P3,True,0.35,1.2,1.0,1.0,0.0,0.22077685267941924,0.7309648509472654,2.255557770329898,0.7672151374770795,0.7658606328150646,1.0,0.4655540978658018,1.7066458099687898,0.4658748918951055,0.8943635437577229,inf,0.45311657893900964,1000
10.3,P1,False,,,,,,,,,,,,,,,,,,0
10.3,P2,False,,,,,,,,,,,,,,,,,,0
10.3,P3,True,0.35,1.2,1.0,1.0,0.0,0.2223186988743808,0.7558403971792717,2.4022953892790655,0.7747368545111686,0.773369070391683,1.0,0.4498237896965445,1.659852361328608,0.4650371454763226,0.9176526949138994,inf,0.4521044826482484,1000
10.4,P1,False,,,,,,,,,,,,,,,,,,0
10.4,P2,False,,,,,,,,,,,,,,,,,,0
10.4,P3,True,0.35,1.2,1.0,1.0,0.0,0.22386774447854713,0.7824596984993633,2.565118230006332,0.7822585715452576,0.7808775079683012,1.0,0.43310431643834735,1.6114055847305362,0.4642523598631625,0.9427161087557735,inf,0.45121999743854546,1000
10.5,P1,False,,,,,,,,,,,,,,,,,,0
10.5,P2,False,,,,,,,,,,,,,,,,,,0
10.5,P3,True,0.35,1.2,1.0,0.75,0.0,0.19724855995235707,0.47569326127852235,1.0194345876237831,0.641696484470719,0.640563580755247,1.0,0.5900336723860553,2.1550215261152883,0.43534379804759515,0.687333472918734,inf,0.42179950020648094,1000
11.0,P1,False,,,,,,,,,,,,,,,,,,0
11.0,P2,False,,,,,,,,,,,,,,,,,,0
11.0,P3,True,0.35,1.2,1.0,0.75,0.0,0.20344944032906462,0.5213269827471225,1.1812715876978275,0.6722534599217057,0.6710666084102588,1.0,0.5638005583653574,2.0623232851970705,0.4307221676017919,0.7233471847673245,inf,0.4165689688330713,1000
