p_LoS,kappa,p1_feasible,p3_feasible,alpha,B_UH_MHz,a1,a2,a3,rho_U,rho_H,AWSS_soft_P1,AWSS_soft_P3,AWSS_gain_abs,AWSS_gain_pct,self_throttling_active
0.1,1.0,True,True,0.35,1.0,1.0,1.0,1.0,0.27078181322720457,0.27116528956581365,0.6666867421385481,0.8194243392942739,0.15273759715572588,22.909949681282935,False
0.17727272727272728,1.0,True,True,0.35,1.0,1.0,1.0,1.0,0.27078181322720457,0.25945038508582446,0.6873033919152305,0.8424825944109877,0.15517920249575723,22.57797710896449,False
0.2545454545454545,1.0,True,True,0.35,1.0,1.0,1.0,1.0,0.27078181322720457,0.24773548060583528,0.7081224108164368,0.865729898879539,0.1576074880631022,22.257096464633435,False
0.3318181818181818,1.0,True,True,0.35,1.0,1.0,1.0,1.0,0.27078181322720457,0.23602057612584604,0.7291435827697448,0.8891664405713162,0.16002285780157144,21.946686713432246,False
0.40909090909090906,1.0,True,True,0.35,1.0,1.0,1.0,1.0,0.27078181322720457,0.22430567164585685,0.7503666576526076,0.9127923519919096,0.16242569433930198,21.64617693001215,False
0.48636363636363633,1.0,True,True,0.35,1.0,1.0,1.0,1.0,0.27078181322720457,0.21259076716586767,0.7717913528674278,0.9366077133798199,0.164816360512392,21.35504108721245,False
0.5636363636363636,1.0,True,True,0.35,1.0,1.0,1.0,1.0,0.27078181322720457,0.2008758626858785,0.7934173549858416,0.9606125557418816,0.16719520075604,21.07279349328369,False
0.6409090909090909,1.0,True,True,0.35,1.0,1.0,1.0,1.0,0.27078181322720457,0.1891609582058893,0.8152443214300549,0.984806863806602,0.1695625423765471,20.798984785212635,False
0.7181818181818181,1.0,True,True,0.35,1.2,1.0,1.0,1.0,0.22565151102267045,0.22180756715737515,0.8372718821657277,1.0105926697768068,0.17332078761107916,20.70065785115813,False
0.7954545454545454,1.0,True,True,0.35,1.2,1.0,1.0,1.0,0.22565151102267045,0.20716393655738868,0.8594996413863553,1.0455274699533712,0.18602782856701594,21.643735449029027,False
0.8727272727272727,1.0,True,True,0.35,1.2,1.0,1.0,1.0,0.22565151102267045,0.19252030595740222,0.8819271791735424,1.080824184874897,0.1988970057013546,22.552542930782767,False
0.95,1.0,True,True,0.35,1.2,1.0,1.0,1.0,0.22565151102267045,0.1778766753574157,0.9045540531211775,1.1164819707056515,0.21192791758447393,23.4289943042335,False
0.1,1.5,True,True,0.35,1.0,1.0,1.0,1.0,0.40617271984080683,0.4067479343487205,1.1731348771185484,1.4946892005185501,0.3215543234000018,27.40983408402305,False
0.17727272727272728,1.5,True,True,0.35,1.0,1.0,1.0,1.0,0.40617271984080683,0.38917557762873667,1.2157950018633734,1.5418735034015478,0.3260785015381744,26.820187699276126,False
0.2545454545454545,1.5,True,True,0.35,1.0,1.0,1.0,1.0,0.40617271984080683,0.3716032209087529,1.2585117459751463,1.5890500676947878,0.3305383217196416,26.264222227304444,False
0.3318181818181818,1.5,True,True,0.35,1.0,1.0,1.0,1.0,0.40617271984080683,0.35403086418876906,1.3012965732737105,1.6362343560879882,0.33493778281427766,25.73877390391221,False
0.40909090909090906,1.5,True,True,0.35,1.0,1.0,1.0,1.0,0.40617271984080683,0.3364585074687853,1.344159858258936,1.683440347262968,0.33928048900403196,25.24108177456626,False
0.48636363636363633,1.5,True,True,0.35,1.0,1.0,1.0,1.0,0.40617271984080683,0.3188861507488015,1.3871109754398434,1.7306806752371946,0.3435696997973512,24.768724772609314,False
0.5636363636363636,1.5,True,True,0.35,1.0,1.0,1.0,1.0,0.40617271984080683,0.30131379402881775,1.4301583845275356,1.7779667570578233,0.3478083725302876,24.319570216356766,False
0.6409090909090909,1.5,True,True,0.35,1.0,1.0,1.0,1.0,0.40617271984080683,0.283741437308834,1.4733097105285229,1.8253089091716237,0.3519991986431008,23.891731394129447,False
0.7181818181818181,1.5,True,True,0.35,1.2,1.0,1.0,1.0,0.33847726653400567,0.3327113507360627,1.516571818279496,1.8772161135252294,0.3606442952457334,23.780231895306695,False
0.7954545454545454,1.5,True,True,0.35,1.2,1.0,1.0,1.0,0.33847726653400567,0.310745904836083,1.5599508812966623,1.9476426474783906,0.3876917661817283,24.852818818209915,False
0.8727272727272727,1.5,True,True,0.35,1.2,1.0,1.0,1.0,0.33847726653400567,0.2887804589361033,1.603452445026623,2.0181984006458222,0.41474595561919925,25.865809547742032,False
0.95,1.5,True,True,0.35,1.2,1.0,1.0,1.0,0.33847726653400567,0.26681501303612354,1.6470814847188084,2.0889038672840736,0.4418223825652652,26.824561302180722,False
0.1,2.0,True,True,0.35,1.0,1.0,1.0,1.0,0.5415636264544091,0.5423305791316273,1.0748623151457586,1.5802467075018163,0.5053843923560577,47.01852369691872,False
0.17727272727272728,2.0,True,True,0.35,1.0,1.0,1.0,1.0,0.5415636264544091,0.5189007701716489,1.1367684028281653,1.6515813674660813,0.514812964637916,45.287409762367886,False
0.2545454545454545,2.0,True,True,0.35,1.0,1.0,1.0,1.0,0.5415636264544091,0.49547096121167056,1.198321827179813,1.722199326343987,0.5238774991641739,43.71759633195465,False
0.3318181818181818,2.0,True,True,0.35,1.0,1.0,1.0,1.0,0.5415636264544091,0.4720411522516921,1.2595777247151472,1.7921990020103749,0.5326212772952277,42.28570153665425,False
0.40909090909090906,2.0,True,True,0.35,1.0,1.0,1.0,1.0,0.5415636264544091,0.4486113432917137,1.320585795152801,1.8616661845435951,0.5410803893907941,40.97275552840452,False
0.48636363636363633,2.0,True,True,0.35,1.0,1.0,1.0,1.0,0.5415636264544091,0.42518153433173533,1.3813904290184162,1.9306756223059125,0.5492851932874963,39.763211163827556,False
0.5636363636363636,2.0,True,True,0.35,1.0,1.0,1.0,1.0,0.5415636264544091,0.401751725371757,1.4420310432786543,1.9992924737012405,0.5572614304225862,38.64420485397987,False
0.6409090909090909,2.0,True,True,0.35,1.0,1.0,1.0,1.0,0.5415636264544091,0.3783219164117786,1.5025425082883261,2.067573598188603,0.5650310899002768,37.604998646191504,False
0.7181818181818181,2.0,True,True,0.35,1.2,1.0,1.0,1.0,0.4513030220453409,0.4436151343147503,1.5629556006837606,2.1487228277858033,0.5857672271020427,37.47817448210184,False
0.7954545454545454,2.0,True,True,0.35,1.2,1.0,1.0,1.0,0.4513030220453409,0.41432787311477737,1.6232974466906267,2.253270812981287,0.6299733662906601,38.80825215212222,False
0.8727272727272727,2.0,True,True,0.35,1.2,1.0,1.0,1.0,0.4513030220453409,0.38504061191480443,1.6835919376598554,2.3571848963175626,0.6735929586577072,40.00927680813096,False
0.95,2.0,True,True,0.35,1.2,1.0,1.0,1.0,0.4513030220453409,0.3557533507148314,1.743860109668818,2.460585092833295,0.7167249831644769,41.099912727552,False
0.1,2.5,True,True,0.35,1.0,1.0,1.0,1.0,0.6769545330680113,0.677913223914534,0.6702083684155081,1.3763764357844677,0.7061680673689595,105.36545060433467,False
0.17727272727272728,2.5,True,True,0.35,1.0,1.0,1.0,1.0,0.6769545330680113,0.6486259627145611,0.7317359835372736,1.4765768830729646,0.744840899535691,101.79093502209187,False
0.2545454545454545,2.5,True,True,0.35,1.0,1.0,1.0,1.0,0.6769545330680113,0.6193387015145881,0.7937404836825086,1.574092304489075,0.7803518208065663,98.31321909979613,False
0.3318181818181818,2.5,True,True,0.35,1.0,1.0,1.0,1.0,0.6769545330680113,0.5900514403146151,0.856193501879956,1.6693206296029013,0.8131271277229453,94.97001856911442,False
0.40909090909090906,2.5,True,True,0.35,1.0,1.0,1.0,1.0,0.6769545330680113,0.560764179114642,0.9217905813513818,1.7626098919883688,0.840819310636987,91.2158713321102,False
0.48636363636363633,2.5,True,True,0.35,1.0,1.0,1.0,1.0,0.6769545330680113,0.5314769179146692,0.9886792809670596,1.854256344982232,0.8655770640151724,87.54882201723932,False
0.5636363636363636,2.5,True,True,0.35,1.0,1.0,1.0,1.0,0.6769545330680113,0.5021896567146962,1.0560385755421002,1.9445091637794267,0.8884705882373265,84.13239902540914,False
0.6409090909090909,2.5,True,True,0.35,1.0,1.0,1.0,1.0,0.6769545330680113,0.4729023955147233,1.1237752899113234,2.0335769844511296,0.9098016945398062,80.95939666119534,False
0.7181818181818181,2.5,True,True,0.35,1.2,1.0,1.0,1.0,0.5641287775566761,0.5545189178934378,1.1918254176950862,2.158792298300228,0.9669668806051419,81.13326551427254,False
0.7954545454545454,2.5,True,True,0.35,1.2,1.0,1.0,1.0,0.5641287775566761,0.5179098413934716,1.2601441292308915,2.3002142586717675,1.040070129440876,82.53580723942,False
0.8727272727272727,2.5,True,True,0.35,1.2,1.0,1.0,1.0,0.5641287775566761,0.4813007648935055,1.328699416940101,2.4391147441271297,1.1104153271870287,83.57159738537669,False
0.95,2.5,True,True,0.35,1.2,1.0,1.0,1.0,0.5641287775566761,0.44469168839353923,1.3974679777858299,2.575965311969848,1.178497334184018,84.33090080899368,False
0.1,3.0,False,True,0.35,1.0,1.0,1.0,0.75,0.6769545330680113,0.677913223914534,,1.4291558063393726,,,True
0.17727272727272728,3.0,False,True,0.35,1.0,1.0,1.0,1.0,0.8123454396816137,0.7783511552574733,,1.0930708083464267,,,False
0.2545454545454545,3.0,False,True,0.35,1.0,1.0,1.0,1.0,0.8123454396816137,0.7432064418175058,,1.21606216561207,,,False
0.3318181818181818,3.0,False,True,0.35,1.0,1.0,1.0,1.0,0.8123454396816137,0.7080617283775381,,1.3359006476065634,,,False
0.40909090909090906,3.0,False,True,0.35,1.0,1.0,1.0,1.0,0.8123454396816137,0.6729170149375706,,1.4522397759077943,,,False
0.48636363636363633,3.0,False,True,0.35,1.0,1.0,1.0,1.0,0.8123454396816137,0.637772301497603,,1.5653702196603219,,,False
0.5636363636363636,3.0,False,True,0.35,1.0,1.0,1.0,1.0,0.8123454396816137,0.6026275880576355,,1.6757314776425474,,,False
0.6409090909090909,3.0,False,True,0.35,1.2,1.0,1.0,1.0,0.6769545330680113,0.7093535932720849,,1.8087767264190575,,,False
0.7181818181818181,3.0,False,True,0.35,1.2,1.0,1.0,1.0,0.6769545330680113,0.6654227014721255,,2.002712388563884,,,False
0.7954545454545454,3.0,False,True,0.35,1.2,1.0,1.0,1.0,0.6769545330680113,0.621491809672166,,2.1876678517764097,,,False
0.8727272727272727,3.0,False,True,0.35,1.2,1.0,1.0,1.0,0.6769545330680113,0.5775609178722066,,2.3657145643461823,,,False
0.95,3.0,False,True,0.35,1.2,1.0,1.0,1.0,0.6769545330680113,0.5336300260722471,,2.5384312571328795,,,False
0.1,3.25,False,True,0.35,1.0,1.0,1.0,0.75,0.733367410823679,0.7344059925740786,,1.2783337148794733,,,True
0.17727272727272728,3.25,False,True,0.35,1.0,1.0,1.0,0.75,0.733367410823679,0.702678126274108,,1.3894366588970284,,,True
0.2545454545454545,3.25,False,True,0.35,1.0,1.0,1.0,0.75,0.733367410823679,0.6709502599741372,,1.4974574590644953,,,True
0.3318181818181818,3.25,False,True,0.35,1.0,1.0,1.0,0.75,0.733367410823679,0.6392223936741663,,1.6026931039559007,,,True
0.40909090909090906,3.25,False,True,0.35,1.0,1.0,1.0,0.75,0.733367410823679,0.6074945273741956,,1.7054943244833427,,,True
0.48636363636363633,3.25,False,True,0.35,1.0,1.0,1.0,1.0,0.8800408929884148,0.69091999328907,,1.3359914002196482,,,False
0.5636363636363636,3.25,False,True,0.35,1.2,1.0,1.0,1.0,0.733367410823679,0.8160581921613813,,1.4030617302037482,,,False
0.6409090909090909,3.25,False,True,0.35,1.2,1.0,1.0,1.0,0.733367410823679,0.7684663927114253,,1.6436684367579475,,,False
0.7181818181818181,3.25,False,True,0.35,1.2,1.0,1.0,1.0,0.733367410823679,0.7208745932614692,,1.8682517322046979,,,False
0.7954545454545454,3.25,False,True,0.35,1.2,1.0,1.0,1.0,0.733367410823679,0.6732827938115131,,2.0787941325963795,,,False
0.8727272727272727,3.25,False,True,0.35,1.2,1.0,1.0,1.0,0.733367410823679,0.6256909943615572,,2.2785994821040405,,,False
0.95,3.25,False,True,0.35,1.2,1.0,1.0,1.0,0.733367410823679,0.578099194911601,,2.4703591612505997,,,False
0.1,3.5,False,True,0.35,1.0,1.0,1.0,0.75,0.7897802885793466,0.7908987612336231,,1.1033184859597345,,,True
0.17727272727272728,3.5,False,True,0.35,1.0,1.0,1.0,0.75,0.7897802885793466,0.7567302898336546,,1.223343675170068,,,True
0.2545454545454545,3.5,False,True,0.35,1.0,1.0,1.0,0.75,0.7897802885793466,0.7225618184336862,,1.3411370539997893,,,True
0.3318181818181818,3.5,False,True,0.35,1.0,1.0,1.0,0.75,0.7897802885793466,0.6883933470337176,,1.4559197853340693,,,True
0.40909090909090906,3.5,False,True,0.35,1.0,1.0,1.0,0.75,0.7897802885793466,0.6542248756337492,,1.5677498196488715,,,True
0.48636363636363633,3.5,False,True,0.35,1.0,1.0,1.0,0.75,0.7897802885793466,0.6200564042337807,,1.676926146298721,,,True
0.5636363636363636,3.5,False,True,0.35,1.0,1.0,1.0,0.75,0.7897802885793466,0.5858879328338122,,1.7837884008041216,,,True
0.6409090909090909,3.5,False,True,0.35,1.2,1.0,1.0,1.0,0.7897802885793466,0.8275791921507658,,1.438950537717138,,,False
0.7181818181818181,3.5,False,True,0.35,1.2,1.0,1.0,1.0,0.7897802885793466,0.7763264850508131,,1.693740134170508,,,False
0.7954545454545454,3.5,False,True,0.35,1.2,1.0,1.0,1.0,0.7897802885793466,0.7250737779508604,,1.9314368673508613,,,False
0.8727272727272727,3.5,False,True,0.35,1.2,1.0,1.0,1.0,0.7897802885793466,0.6738210708509077,,2.153818292796616,,,False
0.95,3.5,False,True,0.35,1.2,1.0,1.0,1.0,0.7897802885793466,0.6225683637509549,,2.3647327966617366,,,False
0.1,3.75,False,True,0.35,1.0,1.0,1.0,0.5,0.6769545330680113,0.677913223914534,,1.492580856774264,,,True
0.17727272727272728,3.75,False,True,0.35,1.0,1.0,1.0,0.5,0.6769545330680113,0.6486259627145611,,1.5909172213792255,,,True
0.2545454545454545,3.75,False,True,0.35,1.0,1.0,1.0,0.5,0.6769545330680113,0.6193387015145881,,1.687247950541921,,,True
0.3318181818181818,3.75,False,True,0.35,1.0,1.0,1.0,0.75,0.8461931663350142,0.7375643003932688,,1.2833253896001207,,,True
0.40909090909090906,3.75,False,True,0.35,1.0,1.0,1.0,0.75,0.8461931663350142,0.7009552238933026,,1.3998210428866191,,,True
0.48636363636363633,3.75,False,True,0.35,1.0,1.0,1.0,0.75,0.8461931663350142,0.6643461473933365,,1.5142759914381139,,,True
0.5636363636363636,3.75,False,True,0.35,1.0,1.0,1.0,0.75,0.8461931663350142,0.6277370708933703,,1.62659446487397,,,True
0.6409090909090909,3.75,False,True,0.35,1.2,1.0,1.0,0.75,0.7051609719458451,0.7389099929917551,,1.7681640853865985,,,True
0.7181818181818181,3.75,False,True,0.35,1.2,1.0,1.0,1.0,0.8461931663350142,0.8317783768401567,,1.4864164357863459,,,False
0.7954545454545454,3.75,False,True,0.35,1.2,1.0,1.0,1.0,0.8461931663350142,0.7768647620902074,,1.741344654372116,,,False
0.8727272727272727,3.75,False,True,0.35,1.2,1.0,1.0,1.0,0.8461931663350142,0.7219511473402582,,1.9822455915712243,,,False
0.95,3.75,False,True,0.35,1.2,1.0,1.0,1.0,0.8461931663350142,0.6670375325903088,,2.2094434790386273,,,False
0.1,4.0,False,True,0.35,1.0,1.0,1.0,0.5,0.7220848352725455,0.7231074388421697,,1.3711177829663792,,,True
0.17727272727272728,4.0,False,True,0.35,1.0,1.0,1.0,0.5,0.7220848352725455,0.6918676935621986,,1.47837017976404,,,True
0.2545454545454545,4.0,False,True,0.35,1.0,1.0,1.0,0.5,0.7220848352725455,0.6606279482822274,,1.5831163889752966,,,True
0.3318181818181818,4.0,False,True,0.35,1.0,1.0,1.0,0.5,0.7220848352725455,0.6293882030022561,,1.6855216549666843,,,True
0.40909090909090906,4.0,False,True,0.35,1.0,1.0,1.0,0.5,0.7220848352725455,0.5981484577222849,,1.7858013627820157,,,True
0.48636363636363633,4.0,False,True,0.35,1.0,1.0,1.0,0.5,0.7220848352725455,0.5669087124423138,,1.884169880897953,,,True
0.5636363636363636,4.0,False,True,0.35,1.2,1.0,1.0,0.75,0.7521717034089015,0.8369827611911604,,1.3863659378873388,,,True
0.6409090909090909,4.0,False,True,0.35,1.2,1.0,1.0,0.75,0.7521717034089015,0.7881706591912055,,1.6223891699707453,,,True
0.7181818181818181,4.0,False,True,0.35,1.2,1.0,1.0,0.75,0.7521717034089015,0.7393585571912504,,1.8475901226960365,,,True
0.7954545454545454,4.0,False,True,0.35,1.2,1.0,1.0,1.0,0.9026060440906818,0.8286557462295547,,1.5425696639415156,,,False
0.8727272727272727,4.0,False,True,0.35,1.2,1.0,1.0,1.0,0.9026060440906818,0.7700812238296089,,1.762310068245514,,,False
0.95,4.0,False,True,0.35,1.2,1.0,1.0,1.0,0.9026060440906818,0.7115067014296628,,1.9882276755647992,,,False
0.1,4.25,False,True,0.35,1.0,1.0,1.0,0.5,0.7672151374770795,0.7683016537698053,,1.2356714840046286,,,True
0.17727272727272728,4.25,False,True,0.35,1.0,1.0,1.0,0.5,0.7672151374770795,0.735109424409836,,1.3507415409321615,,,True
0.2545454545454545,4.25,False,True,0.35,1.0,1.0,1.0,0.5,0.7672151374770795,0.7019171950498666,,1.4634213681848331,,,True
0.3318181818181818,4.25,False,True,0.35,1.0,1.0,1.0,0.5,0.7672151374770795,0.668724965689897,,1.5734588153628035,,,True
0.40909090909090906,4.25,False,True,0.35,1.0,1.0,1.0,0.5,0.7672151374770795,0.6355327363299277,,1.6809573537834233,,,True
0.48636363636363633,4.25,False,True,0.35,1.0,1.0,1.0,0.5,0.7672151374770795,0.6023405069699583,,1.7861279269083006,,,True
0.5636363636363636,4.25,False,True,0.35,1.0,1.0,1.0,0.5,0.7672151374770795,0.5691482776099891,,1.8891985498722894,,,True
0.6409090909090909,4.25,False,True,0.35,1.2,1.0,1.0,0.75,0.7991824348719578,0.8374313253906558,,1.4584231694413514,,,True
0.7181818181818181,4.25,False,True,0.35,1.2,1.0,1.0,0.75,0.7991824348719578,0.7855684670157037,,1.702401309401804,,,True
0.7954545454545454,4.25,False,True,0.35,1.2,1.0,1.0,0.75,0.7991824348719578,0.7337056086407515,,1.9347314168235652,,,True
0.8727272727272727,4.25,False,True,0.35,1.2,1.0,1.0,0.75,0.7991824348719578,0.6818427502657995,,2.154146976069111,,,True
0.95,4.25,False,True,0.35,1.2,1.0,1.0,0.75,0.7991824348719578,0.6299798918908472,,2.363294157283779,,,True
0.1,4.5,False,True,0.35,1.0,1.0,1.0,0.25,0.6092590797612103,0.6101219015230805,,1.7455847127671758,,,True
0.17727272727272728,4.5,False,True,0.35,1.0,1.0,1.0,0.5,0.8123454396816137,0.7783511552574733,,1.2129849319338868,,,True
0.2545454545454545,4.5,False,True,0.35,1.0,1.0,1.0,0.5,0.8123454396816137,0.7432064418175057,,1.3306453687279305,,,True
0.3318181818181818,4.5,False,True,0.35,1.0,1.0,1.0,0.5,0.8123454396816137,0.7080617283775381,,1.446621423585724,,,True
0.40909090909090906,4.5,False,True,0.35,1.0,1.0,1.0,0.5,0.8123454396816137,0.6729170149375705,,1.5602115601534254,,,True
0.48636363636363633,4.5,False,True,0.35,1.0,1.0,1.0,0.5,0.8123454396816137,0.637772301497603,,1.6713425182883772,,,True
0.5636363636363636,4.5,False,True,0.35,1.0,1.0,1.0,0.5,0.8123454396816137,0.6026275880576355,,1.7801500001476156,,,True
0.6409090909090909,4.5,False,True,0.35,1.2,1.0,1.0,0.5,0.6769545330680113,0.7093535932720849,,1.8872711976466003,,,True
0.7181818181818181,4.5,False,True,0.35,1.2,1.0,1.0,0.75,0.8461931663350142,0.8317783768401568,,1.5423950295686293,,,True
0.7954545454545454,4.5,False,True,0.35,1.2,1.0,1.0,0.75,0.8461931663350142,0.7768647620902075,,1.7857953860874363,,,True
0.8727272727272727,4.5,False,True,0.35,1.2,1.0,1.0,0.75,0.8461931663350142,0.7219511473402582,,2.018963986100018,,,True
0.95,4.5,False,True,0.35,1.2,1.0,1.0,0.75,0.8461931663350142,0.6670375325903088,,2.240813426852441,,,True
0.1,4.75,False,True,0.35,1.0,1.0,1.0,0.25,0.6431068064146108,0.6440175627188073,,1.6650174052228286,,,True
0.17727272727272728,4.75,False,True,0.35,1.0,1.0,1.0,0.25,0.6431068064146108,0.616194664578833,,1.7580650039168313,,,True
0.2545454545454545,4.75,False,True,0.35,1.0,1.0,1.0,0.25,0.6431068064146108,0.5883717664388588,,1.8490949000427257,,,True
0.3318181818181818,4.75,False,True,0.35,1.0,1.0,1.0,0.5,0.8574757418861477,0.7473984910651791,,1.311530369191437,,,True
0.40909090909090906,4.75,False,True,0.35,1.0,1.0,1.0,0.5,0.8574757418861477,0.7103012935452133,,1.4271612939945248,,,True
0.48636363636363633,4.75,False,True,0.35,1.0,1.0,1.0,0.5,0.8574757418861477,0.6732040960252477,,1.5414416777038566,,,True
0.5636363636363636,4.75,False,True,0.35,1.0,1.0,1.0,0.5,0.8574757418861477,0.6361068985052819,,1.6538849103028626,,,True
0.6409090909090909,4.75,False,True,0.35,1.2,1.0,1.0,0.5,0.7145631182384564,0.7487621262316452,,1.7836671410739815,,,True
0.7181818181818181,4.75,False,True,0.35,1.2,1.0,1.0,0.5,0.7145631182384564,0.7023906293316879,,1.984239969111529,,,True
0.7954545454545454,4.75,False,True,0.35,1.2,1.0,1.0,0.75,0.8932038977980705,0.8200239155396635,,1.6291506839016656,,,True
0.8727272727272727,4.75,False,True,0.35,1.2,1.0,1.0,0.75,0.8932038977980705,0.7620595444147171,,1.8579570737822357,,,True
0.95,4.75,False,True,0.35,1.2,1.0,1.0,0.75,0.8932038977980705,0.7040951732897704,,2.0830685000901803,,,True
0.1,5.0,False,True,0.35,1.0,1.0,1.0,0.25,0.6769545330680113,0.677913223914534,,1.5751736727960512,,,True
0.17727272727272728,5.0,False,True,0.35,1.0,1.0,1.0,0.25,0.6769545330680113,0.6486259627145611,,1.6749415045977065,,,True
0.2545454545454545,5.0,False,True,0.35,1.0,1.0,1.0,0.25,0.6769545330680113,0.6193387015145881,,1.7722758955823652,,,True
0.3318181818181818,5.0,False,True,0.35,1.0,1.0,1.0,0.25,0.6769545330680113,0.5900514403146151,,1.867322279763347,,,True
0.40909090909090906,5.0,False,True,0.35,1.0,1.0,1.0,0.25,0.6769545330680113,0.560764179114642,,1.9602381718935973,,,True
0.48636363636363633,5.0,False,True,0.35,1.0,1.0,1.0,0.25,0.6769545330680113,0.5314769179146692,,2.0511784596480203,,,True
0.5636363636363636,5.0,False,True,0.35,1.2,1.0,1.0,0.5,0.7521717034089015,0.8369827611911603,,1.443580360316074,,,True
0.6409090909090909,5.0,False,True,0.35,1.2,1.0,1.0,0.5,0.7521717034089015,0.7881706591912054,,1.6677887720385771,,,True
0.7181818181818181,5.0,False,True,0.35,1.2,1.0,1.0,0.5,0.7521717034089015,0.7393585571912504,,1.8847575317023995,,,True
0.7954545454545454,5.0,False,True,0.35,1.2,1.0,1.0,0.5,0.7521717034089015,0.6905464551912955,,2.091357293708631,,,True
0.8727272727272727,5.0,False,True,0.35,1.2,1.0,1.0,0.5,0.7521717034089015,0.6417343531913406,,2.2888200077151253,,,True
0.95,5.0,False,True,0.35,1.2,1.0,1.0,0.5,0.7521717034089015,0.5929222511913856,,2.4787328453810713,,,True
0.1,6.0,False,True,0.35,1.0,1.0,1.0,0.0,0.541563626454409,0.5423305791316272,,2.137997648900263,,,True
0.17727272727272728,6.0,False,True,0.35,1.0,1.0,1.0,0.0,0.541563626454409,0.5189007701716488,,2.2158699987772428,,,True
0.2545454545454545,6.0,False,True,0.35,1.0,1.0,1.0,0.0,0.541563626454409,0.4954709612116705,,2.290929779625766,,,True
0.3318181818181818,6.0,False,True,0.35,1.0,1.0,1.0,0.25,0.8123454396816137,0.7080617283775381,,1.5022475217361901,,,True
0.40909090909090906,6.0,False,True,0.35,1.0,1.0,1.0,0.25,0.8123454396816137,0.6729170149375706,,1.6168939073583444,,,True
0.48636363636363633,6.0,False,True,0.35,1.0,1.0,1.0,0.25,0.8123454396816137,0.637772301497603,,1.728346790191452,,,True
0.5636363636363636,6.0,False,True,0.35,1.0,1.0,1.0,0.25,0.8123454396816137,0.6026275880576355,,1.8367020035679231,,,True
0.6409090909090909,6.0,False,True,0.35,1.2,1.0,1.0,0.25,0.6769545330680113,0.7093535932720849,,1.9426686951375578,,,True
0.7181818181818181,6.0,False,True,0.35,1.2,1.0,1.0,0.25,0.6769545330680113,0.6654227014721255,,2.12632580884524,,,True
0.7954545454545454,6.0,False,True,0.35,1.2,1.0,1.0,0.5,0.9026060440906818,0.8286557462295546,,1.6700492632021948,,,True
0.8727272727272727,6.0,False,True,0.35,1.2,1.0,1.0,0.5,0.9026060440906818,0.7700812238296089,,1.8842581200837445,,,True
0.95,6.0,False,True,0.35,1.2,1.0,1.0,0.5,0.9026060440906818,0.7115067014296628,,2.1044518844379616,,,True
0.1,7.0,False,True,0.35,1.0,1.0,1.0,0.0,0.6318242308634773,0.6327190089868985,,1.8692395863274023,,,True
0.17727272727272728,7.0,False,True,0.35,1.0,1.0,1.0,0.0,0.6318242308634773,0.6053842318669237,,1.9718211720625252,,,True
0.2545454545454545,7.0,False,True,0.35,1.0,1.0,1.0,0.0,0.6318242308634773,0.578049454746949,,2.0684202109534735,,,True
0.3318181818181818,7.0,False,True,0.35,1.0,1.0,1.0,0.0,0.6318242308634773,0.5507146776269741,,2.159864088840027,,,True
0.40909090909090906,7.0,False,True,0.35,1.0,1.0,1.0,0.0,0.6318242308634773,0.5233799005069993,,2.2468443076655684,,,True
0.48636363636363633,7.0,False,True,0.35,1.0,1.0,1.0,0.0,0.6318242308634773,0.4960451233870246,,2.3299395991342013,,,True
0.5636363636363636,7.0,False,True,0.35,1.0,1.0,1.0,0.0,0.6318242308634773,0.4687103462670498,,2.409635926959794,,,True
0.6409090909090909,7.0,False,True,0.35,1.2,1.0,1.0,0.25,0.7897802885793466,0.8275791921507658,,1.576141208121558,,,True
0.7181818181818181,7.0,False,True,0.35,1.2,1.0,1.0,0.25,0.7897802885793466,0.7763264850508131,,1.8051280950068558,,,True
0.7954545454545454,7.0,False,True,0.35,1.2,1.0,1.0,0.25,0.7897802885793466,0.7250737779508604,,2.02456286849975,,,True
0.8727272727272727,7.0,False,True,0.35,1.2,1.0,1.0,0.25,0.7897802885793466,0.6738210708509077,,2.23207850940721,,,True
0.95,7.0,False,True,0.35,1.2,1.0,1.0,0.25,0.7897802885793466,0.6225683637509549,,2.42871101021289,,,True
0.1,8.0,False,True,0.35,1.0,1.0,1.0,0.0,0.7220848352725454,0.7231074388421697,,1.471302595853645,,,True
0.17727272727272728,8.0,False,True,0.35,1.0,1.0,1.0,0.0,0.7220848352725454,0.6918676935621985,,1.609661139028118,,,True
0.2545454545454545,8.0,False,True,0.35,1.0,1.0,1.0,0.0,0.7220848352725454,0.6606279482822274,,1.736008113555102,,,True
0.3318181818181818,8.0,False,True,0.35,1.0,1.0,1.0,0.0,0.7220848352725454,0.6293882030022561,,1.8523029070099588,,,True
0.40909090909090906,8.0,False,True,0.35,1.0,1.0,1.0,0.0,0.7220848352725454,0.5981484577222849,,1.960193278213755,,,True
0.48636363636363633,8.0,False,True,0.35,1.0,1.0,1.0,0.0,0.7220848352725454,0.5669087124423138,,2.061028430822693,,,True
0.5636363636363636,8.0,False,True,0.35,1.0,1.0,1.0,0.0,0.7220848352725454,0.5356689671623427,,2.155904207038753,,,True
0.6409090909090909,8.0,False,True,0.35,1.2,1.0,1.0,0.0,0.6017373627271212,0.6305365273529644,,2.2857116199056313,,,True
0.7181818181818181,8.0,False,True,0.35,1.2,1.0,1.0,0.0,0.6017373627271212,0.5914868457530004,,2.4505864957531203,,,True
0.7954545454545454,8.0,False,True,0.35,1.2,1.0,1.0,0.25,0.9026060440906818,0.8286557462295547,,1.6794112455114028,,,True
0.8727272727272727,8.0,False,True,0.35,1.2,1.0,1.0,0.25,0.9026060440906818,0.7700812238296089,,1.911779339174944,,,True
0.95,8.0,False,True,0.35,1.2,1.0,1.0,0.25,0.9026060440906818,0.7115067014296628,,2.1318395023466046,,,True
0.1,9.0,False,True,0.35,1.0,1.0,0.75,0.0,0.660030669741311,0.6609653933166707,,1.700806238657272,,,True
0.17727272727272728,9.0,False,True,0.35,1.0,1.0,0.75,0.0,0.660030669741311,0.632410313646697,,1.7975250018048623,,,True
0.2545454545454545,9.0,False,True,0.35,1.0,1.0,0.75,0.0,0.660030669741311,0.6038552339767235,,1.888271755028573,,,True
0.3318181818181818,9.0,False,True,0.35,1.0,1.0,0.75,0.0,0.660030669741311,0.5753001543067497,,1.9738926751761217,,,True
0.40909090909090906,9.0,False,True,0.35,1.0,1.0,1.0,0.0,0.8123454396816137,0.6729170149375705,,1.521257909513604,,,True
0.48636363636363633,9.0,False,True,0.35,1.0,1.0,1.0,0.0,0.8123454396816137,0.637772301497603,,1.6390413405545017,,,True
0.5636363636363636,9.0,False,True,0.35,1.2,1.0,1.0,0.0,0.6769545330680113,0.7532844850720442,,1.7414768393134548,,,True
0.6409090909090909,9.0,False,True,0.35,1.2,1.0,1.0,0.0,0.6769545330680113,0.7093535932720848,,1.9930448526624391,,,True
0.7181818181818181,9.0,False,True,0.35,1.2,1.0,1.0,0.0,0.6769545330680113,0.6654227014721253,,2.2100002913735852,,,True
0.7954545454545454,9.0,False,True,0.35,1.2,1.0,1.0,0.0,0.6769545330680113,0.621491809672166,,2.400684225469435,,,True
0.8727272727272727,9.0,False,True,0.35,1.2,1.0,1.0,0.0,0.6769545330680113,0.5775609178722065,,2.571296429232848,,,True
0.95,9.0,False,True,0.35,1.2,1.0,1.0,0.0,0.6769545330680113,0.5336300260722471,,2.7263383398117367,,,True
