kappa,policy,feasible,PAoI1_s,AoI_avg1_sim_s,AGDI,CSPR,a3,surrogate_conservative
1.0,P1,True,2.692344971790371,2.7012402678076888,1.0,1.0,1.0,False
1.0,P3,True,2.650330135803148,2.6601924290652357,1.0,1.0,1.0,False
1.5,P1,True,1.9013825147255539,1.9110947964544311,1.8104012453902456,1.0,1.0,False
1.5,P3,True,1.8460482261196758,1.8574264058144747,1.855180625006393,1.0,1.0,False
2.0,P1,True,1.52824171352083,1.5396438451505328,1.8613174825869239,1.0,1.0,False
2.0,P3,True,1.460323806219405,1.4765191545370404,2.116742757944843,1.0,1.0,False
2.5,P1,True,1.3229734795014998,1.339063299470308,1.4130863665606233,1.0,1.0,False
2.5,P3,True,1.2408539497415652,1.2574717228891386,2.1178116417672332,1.0,1.0,False
2.6,P1,True,1.293607701457259,1.31061522288775,1.3545339566303998,1.0,1.0,False
2.6,P3,True,1.2085707968706325,1.2250261861847584,2.096716718399595,1.0,1.0,False
2.7,P1,True,1.267141762145017,1.2852653276869788,1.3111327362827232,1.0,1.0,False
2.7,P3,True,1.1791610999176154,1.1951713390757126,2.0694090087273342,1.0,1.0,False
2.8,P1,True,1.2432708650862832,1.26300015446398,1.263354935369962,1.0,1.0,False
2.8,P3,True,1.1523197540372863,1.1685856632294545,2.036041334784034,1.0,1.0,False
2.9,P1,False,,,,,,False
2.9,P3,True,1.1277837590307893,1.1439197395233263,1.9966715593498392,1.0,1.0,False
3.0,P1,False,,,,,,False
3.0,P3,True,1.1053252021087498,1.120859965341562,1.9512707912524216,1.0,1.0,False
3.2,P1,False,,,,,,False
3.2,P3,True,1.0658712951261027,1.0806334116107246,1.8419048625912908,1.0,1.0,False
3.4,P1,False,,,,,,False
3.4,P3,True,1.0326462139433368,1.046377687570749,1.706779282434026,1.0,1.0,False
3.6,P1,False,,,,,,False
3.6,P3,True,1.004629942234367,1.0166681620079792,1.5471761340252064,1.0,1.0,False
3.7,P1,False,,,,,,False
3.7,P3,True,0.9923167377158981,1.0035264744260308,1.4623998038260368,1.0,1.0,False
3.8,P1,False,,,,,,False
3.8,P3,True,0.9810174817862887,0.9911638596835752,1.383141000726818,1.0,1.0,False
3.9,P1,False,,,,,,False
3.9,P3,True,0.922309220407397,0.9350974139571268,1.8433520601900382,1.0,0.75,False
4.0,P1,False,,,,,,False
4.0,P3,True,0.9114775880470308,0.9236608826522613,1.78965373710184,1.0,0.75,False
4.1,P1,False,,,,,,False
4.1,P3,True,0.9014488370957282,0.9131967469881496,1.7323133630808043,1.0,0.75,False
4.2,P1,False,,,,,,False
4.2,P3,True,0.8921672584429345,0.9034136227330978,1.6715764376498712,1.0,0.75,False
4.3,P1,False,,,,,,False
4.3,P3,True,0.8835823383118739,0.8940909739344539,1.6080821992394443,1.0,0.75,False
4.4,P1,False,,,,,,False
4.4,P3,True,0.8756481680117041,0.8857900287727234,1.5432821242954562,1.0,0.75,False
4.5,P1,False,,,,,,False
4.5,P3,True,0.8683229323909596,0.8779408362158971,1.480326868341114,1.0,0.75,False
4.6,P1,False,,,,,,False
4.6,P3,True,0.8615684650160252,0.8700718433524052,1.4330746297113575,1.0,0.75,False
4.7,P1,False,,,,,,False
4.7,P3,True,0.7961249568587091,0.8061972805998674,1.9503747711132646,1.0,0.5,False
4.8,P1,False,,,,,,False
4.8,P3,True,0.7890252406404061,0.7989641628598176,1.9116293373919495,1.0,0.5,False
5.0,P1,False,,,,,,False
5.0,P3,True,0.7762051284673379,0.7854561919554062,1.8283700925273516,1.0,0.5,False
5.5,P1,False,,,,,,False
5.5,P3,True,0.7510774212798823,0.7587121263205311,1.5930606107951872,1.0,0.5,False
6.0,P1,False,,,,,,False
6.0,P3,True,0.6562686296467584,0.6608837170886978,2.0767322583611967,1.0,0.25,False
6.5,P1,False,,,,,,False
6.5,P3,True,0.6380443241452065,0.6418155525510426,1.9233780759887564,1.0,0.25,False
7.0,P1,False,,,,,,False
7.0,P3,True,0.6246978474721478,0.6275351565620645,1.7458434222579642,1.0,0.25,False
7.1,P1,False,,,,,,False
7.1,P3,True,0.6225296212028717,0.6251294983311254,1.708092938624813,1.0,0.25,False
7.2,P1,False,,,,,,False
7.2,P3,True,0.6205135566593052,0.6229339649504677,1.6700193162958252,1.0,0.25,False
7.3,P1,False,,,,,,False
7.3,P3,True,0.6186439928390908,0.620814335159632,1.6320034083997623,1.0,0.25,False
7.4,P1,False,,,,,,False
7.4,P3,True,0.6169155798387023,0.6187491187805934,1.594944108155468,1.0,0.25,False
7.5,P1,False,,,,,,False
7.5,P3,True,0.6153232581685246,0.6170194748386935,1.5592453926554757,1.0,0.25,False
7.6,P1,False,,,,,,False
7.6,P3,True,0.5120081570543633,0.502778969011371,2.4825702480579857,1.0,0.0,True
7.7,P1,False,,,,,,False
7.7,P3,True,0.5091070839129295,0.4997436867411292,2.464207571981526,1.0,0.0,True
7.8,P1,False,,,,,,False
7.8,P3,True,0.5063215855412553,0.49678861397385043,2.4451520344613007,1.0,0.0,True
7.9,P1,False,,,,,,False
7.9,P3,True,0.5036475421477691,0.4939248894468308,2.425385442182016,1.0,0.0,True
8.0,P1,False,,,,,,False
8.0,P3,True,0.5010810422806415,0.4911803598738724,2.404888087582126,1.0,0.0,True
8.5,P1,False,,,,,,False
8.5,P3,True,0.4897378377584294,0.47915196851618036,2.2906368581392984,1.0,0.0,True
9.0,P1,False,,,,,,False
9.0,P3,True,0.48059625633947817,0.4693460766145229,2.154185217691182,1.0,0.0,True
9.5,P1,False,,,,,,False
9.5,P3,True,0.47333925899261,0.4614234769882403,1.9910123874755177,1.0,0.0,True
10.0,P1,False,,,,,,False
10.0,P3,True,0.46771455868397593,0.455167913611966,1.7953848922715894,1.0,0.0,True
10.1,P1,False,,,,,,False
10.1,P3,True,0.4667669082948011,0.4540641090655529,1.7518112750284989,1.0,0.0,True
10.2,P1,False,,,,,,False
10.2,P3,True,0.4658748918951055,0.45311657893900964,1.7066458099687898,1.0,0.0,True
10.3,P1,False,,,,,,False
10.3,P3,True,0.4650371454763226,0.4521044826482484,1.659852361328608,1.0,0.0,True
10.4,P1,False,,,,,,False
10.4,P3,True,0.4642523598631625,0.45121999743854546,1.6114055847305362,1.0,0.0,True
10.5,P1,False,,,,,,False
10.5,P3,True,0.43534379804759515,0.42179950020648094,2.1550215261152883,1.0,0.0,True
11.0,P1,False,,,,,,False
11.0,P3,True,0.4307221676017919,0.4165689688330713,2.0623232851970705,1.0,0.0,True
